date_time,station_id,latitude_(degrees_north),longitude_(degrees_east),air_temperature_celsius,sea_level_pressure_hpa,gust_speed_mps,significant_wave_height_m,dominant_wave_period_s,sea_surface_temperature_celsius,wind_speed
2013-04-18 00:50:00+00:00,2868187,47.34899902,-124.7080002,7.199999809,1032.599976,8.0,1.0,8.0,10.10000038,5.0
2013-04-18 01:50:00+00:00,2868187,47.34899902,-124.7080002,6.800000191,1032.300049,5.0,1.100000024,6.0,10.0,4.0
2013-04-18 02:50:00+00:00,2868187,47.34899902,-124.7080002,6.900000095,1031.800049,4.0,1.100000024,7.0,10.0,3.0
2013-04-18 03:50:00+00:00,2868187,47.34899902,-124.7080002,7.0,1031.699951,3.0,1.0,6.0,9.899999619,2.0
2013-04-18 04:50:00+00:00,2868187,47.34899902,-124.7080002,7.099999905,1031.900024,2.0,0.899999976,8.0,9.899999619,1.0
2013-04-18 05:50:00+00:00,2868187,47.34899902,-124.7080002,7.199999809,1031.699951,1.0,0.899999976,6.0,9.800000191,0.0
2013-04-18 06:50:00+00:00,2868187,47.34899902,-124.7080002,7.400000095,1031.400024,3.0,0.899999976,6.0,9.800000191,3.0
2013-04-18 07:50:00+00:00,2868187,47.34899902,-124.7080002,7.400000095,1031.300049,3.0,0.800000012,6.0,9.800000191,2.0
2013-04-18 08:50:00+00:00,2868187,47.34899902,-124.7080002,7.599999905,1031.099976,4.0,0.800000012,8.0,9.899999619,3.0
2013-04-18 09:50:00+00:00,2868187,47.34899902,-124.7080002,7.900000095,1030.699951,4.0,0.800000012,7.0,9.899999619,4.0
2013-04-18 10:50:00+00:00,2868187,47.34899902,-124.7080002,7.900000095,1030.300049,5.0,0.699999988,7.0,9.899999619,4.0
2013-04-18 12:50:00+00:00,2868187,47.34899902,-124.7080002,7.699999809,1029.900024,7.0,0.800000012,10.0,10.0,6.0
2013-04-18 13:50:00+00:00,2868187,47.34899902,-124.7080002,7.699999809,1029.699951,7.0,0.800000012,10.0,10.0,6.0
2013-04-18 14:50:00+00:00,2868187,47.34899902,-124.7080002,8.199999809,1029.599976,8.0,1.0,10.0,10.0,7.0
2013-04-18 15:50:00+00:00,2868187,47.34899902,-124.7080002,8.399999619,1029.699951,9.0,1.399999976,9.0,10.0,8.0
2013-04-18 16:50:00+00:00,2868187,47.34899902,-124.7080002,8.600000381,1029.599976,9.0,1.5,8.0,10.0,8.0
2013-04-18 17:50:00+00:00,2868187,47.34899902,-124.7080002,8.899999619,1029.400024,10.0,1.5,8.0,10.0,8.0
2013-04-18 18:50:00+00:00,2868187,47.34899902,-124.7080002,9.199999809,1029.5,9.0,1.600000024,8.0,10.0,8.0
2013-04-18 19:50:00+00:00,2868187,47.34899902,-124.7080002,9.399999619,1028.900024,9.0,1.700000048,8.0,10.0,8.0
2013-04-18 20:50:00+00:00,2868187,47.34899902,-124.7080002,9.399999619,1028.400024,8.0,1.600000024,8.0,10.10000038,7.0
2013-04-18 21:50:00+00:00,2868187,47.34899902,-124.7080002,9.399999619,1028.099976,8.0,1.5,9.0,9.899999619,7.0
2013-04-18 22:50:00+00:00,2868187,47.34899902,-124.7080002,9.399999619,1027.900024,8.0,1.5,9.0,10.0,6.0
2013-04-18 23:50:00+00:00,2868187,47.34899902,-124.7080002,9.399999619,1027.099976,7.0,1.600000024,8.0,10.0,6.0
2013-04-19 00:50:00+00:00,2868187,47.34899902,-124.7080002,9.399999619,1026.599976,7.0,1.600000024,8.0,9.800000191,6.0
2013-04-19 01:50:00+00:00,2868187,47.34899902,-124.7080002,9.300000191,1026.199951,8.0,1.5,8.0,9.800000191,7.0
2013-04-19 02:50:00+00:00,2868187,47.34899902,-124.7080002,9.199999809,1025.099976,8.0,1.600000024,7.0,9.699999809,6.0
2013-04-19 03:50:00+00:00,2868187,47.34899902,-124.7080002,9.300000191,1024.599976,8.0,1.600000024,8.0,9.699999809,7.0
2013-04-19 04:50:00+00:00,2868187,47.34899902,-124.7080002,9.399999619,1024.300049,9.0,1.5,7.0,9.600000381,7.0
2013-04-19 05:50:00+00:00,2868187,47.34899902,-124.7080002,9.5,1023.400024,9.0,1.600000024,8.0,9.600000381,7.0
2013-04-19 06:50:00+00:00,2868187,47.34899902,-124.7080002,9.5,1022.5,10.0,1.700000048,8.0,9.5,8.0
2013-04-19 07:50:00+00:00,2868187,47.34899902,-124.7080002,9.399999619,1021.900024,9.0,1.700000048,8.0,9.399999619,7.0
2013-04-19 08:50:00+00:00,2868187,47.34899902,-124.7080002,9.300000191,1021.400024,8.0,1.700000048,7.0,9.300000191,7.0
2013-04-19 09:50:00+00:00,2868187,47.34899902,-124.7080002,9.199999809,1020.700012,8.0,2.0,8.0,9.300000191,6.0
2013-04-19 10:50:00+00:00,2868187,47.34899902,-124.7080002,9.100000381,1019.900024,6.0,1.899999976,8.0,9.300000191,5.0
2013-04-19 11:50:00+00:00,2868187,47.34899902,-124.7080002,9.100000381,1019.200012,5.0,2.0,8.0,9.300000191,5.0
2013-04-19 12:50:00+00:00,2868187,47.34899902,-124.7080002,9.100000381,1018.599976,6.0,1.799999952,7.0,9.399999619,5.0
2013-04-19 13:50:00+00:00,2868187,47.34899902,-124.7080002,9.0,1017.900024,3.0,1.700000048,7.0,9.399999619,2.0
2013-04-19 14:50:00+00:00,2868187,47.34899902,-124.7080002,8.899999619,1018.200012,6.0,1.700000048,8.0,9.300000191,5.0
2013-04-19 15:50:00+00:00,2868187,47.34899902,-124.7080002,8.800000191,1018.400024,7.0,1.700000048,8.0,9.100000381,6.0
2013-04-19 16:50:00+00:00,2868187,47.34899902,-124.7080002,8.800000191,1018.599976,9.0,1.5,8.0,9.100000381,7.0
2013-04-19 17:50:00+00:00,2868187,47.34899902,-124.7080002,9.0,1019.400024,8.0,1.600000024,8.0,9.100000381,7.0
2013-04-19 18:50:00+00:00,2868187,47.34899902,-124.7080002,8.800000191,1020.400024,10.0,1.600000024,8.0,9.199999809,8.0
2013-04-19 19:50:00+00:00,2868187,47.34899902,-124.7080002,8.899999619,1021.400024,9.0,1.600000024,8.0,9.199999809,8.0
2013-04-19 20:50:00+00:00,2868187,47.34899902,-124.7080002,8.399999619,1021.900024,10.0,1.600000024,8.0,9.199999809,8.0
2013-04-19 21:50:00+00:00,2868187,47.34899902,-124.7080002,8.600000381,1022.299988,8.0,1.700000048,8.0,9.199999809,7.0
2013-04-19 22:50:00+00:00,2868187,47.34899902,-124.7080002,8.800000191,1022.799988,8.0,1.700000048,8.0,9.199999809,6.0
2013-04-19 23:50:00+00:00,2868187,47.34899902,-124.7080002,8.600000381,1023.200012,9.0,1.799999952,7.0,9.199999809,7.0
2013-04-20 00:50:00+00:00,2868187,47.34899902,-124.7080002,8.5,1023.200012,9.0,1.799999952,8.0,9.199999809,7.0
2013-04-20 01:50:00+00:00,2868187,47.34899902,-124.7080002,8.600000381,1023.400024,8.0,1.899999976,7.0,9.199999809,6.0
2013-04-20 02:50:00+00:00,2868187,47.34899902,-124.7080002,8.399999619,1023.400024,9.0,1.700000048,8.0,9.199999809,7.0
2013-04-20 03:50:00+00:00,2868187,47.34899902,-124.7080002,8.399999619,1023.599976,9.0,1.899999976,8.0,9.199999809,7.0
2013-04-20 04:50:00+00:00,2868187,47.34899902,-124.7080002,8.399999619,1024.400024,8.0,1.799999952,7.0,9.199999809,7.0
2013-04-20 05:50:00+00:00,2868187,47.34899902,-124.7080002,8.0,1024.599976,7.0,1.700000048,8.0,9.199999809,6.0
2013-04-20 06:50:00+00:00,2868187,47.34899902,-124.7080002,8.699999809,1024.599976,8.0,1.700000048,8.0,9.199999809,6.0
2013-04-20 07:50:00+00:00,2868187,47.34899902,-124.7080002,8.5,1024.900024,9.0,1.700000048,8.0,9.199999809,7.0
2013-04-20 08:50:00+00:00,2868187,47.34899902,-124.7080002,8.0,1025.0,9.0,2.0,8.0,9.100000381,7.0
2013-04-20 09:50:00+00:00,2868187,47.34899902,-124.7080002,8.0,1025.0,9.0,1.899999976,8.0,9.100000381,7.0
2013-04-20 10:50:00+00:00,2868187,47.34899902,-124.7080002,7.800000191,1025.099976,7.0,1.899999976,8.0,9.0,5.0
2013-04-20 11:50:00+00:00,2868187,47.34899902,-124.7080002,7.900000095,1025.400024,8.0,1.799999952,8.0,8.899999619,6.0
2013-04-20 12:50:00+00:00,2868187,47.34899902,-124.7080002,7.5,1025.699951,7.0,1.899999976,8.0,8.899999619,6.0
2013-04-20 13:50:00+00:00,2868187,47.34899902,-124.7080002,7.5,1025.800049,8.0,1.799999952,8.0,8.899999619,6.0
2013-04-20 14:50:00+00:00,2868187,47.34899902,-124.7080002,7.699999809,1026.0,6.0,1.799999952,8.0,9.0,5.0
2013-04-20 15:50:00+00:00,2868187,47.34899902,-124.7080002,7.800000191,1026.099976,6.0,1.799999952,8.0,9.100000381,5.0
2013-04-20 16:50:00+00:00,2868187,47.34899902,-124.7080002,8.0,1026.300049,5.0,1.700000048,8.0,9.100000381,4.0
2013-04-20 17:50:00+00:00,2868187,47.34899902,-124.7080002,8.300000191,1026.800049,5.0,1.600000024,8.0,9.199999809,4.0
2013-04-20 18:50:00+00:00,2868187,47.34899902,-124.7080002,8.300000191,1027.199951,4.0,1.600000024,8.0,9.300000191,3.0
2013-04-20 19:50:00+00:00,2868187,47.34899902,-124.7080002,8.699999809,1027.0,3.0,1.600000024,8.0,9.399999619,2.0
2013-04-20 20:50:00+00:00,2868187,47.34899902,-124.7080002,8.399999619,1026.900024,5.0,1.600000024,8.0,9.600000381,4.0
2013-04-20 21:50:00+00:00,2868187,47.34899902,-124.7080002,8.699999809,1026.900024,5.0,1.600000024,8.0,9.600000381,4.0
2013-04-20 22:50:00+00:00,2868187,47.34899902,-124.7080002,8.699999809,1026.900024,8.0,1.600000024,8.0,9.600000381,7.0
2013-04-20 23:50:00+00:00,2868187,47.34899902,-124.7080002,8.600000381,1026.699951,8.0,1.399999976,8.0,9.5,6.0
2013-04-21 00:50:00+00:00,2868187,47.34899902,-124.7080002,8.399999619,1026.300049,7.0,1.399999976,8.0,9.5,6.0
2013-04-21 01:50:00+00:00,2868187,47.34899902,-124.7080002,8.100000381,1026.099976,8.0,1.399999976,8.0,9.5,6.0
2013-04-21 02:50:00+00:00,2868187,47.34899902,-124.7080002,8.0,1026.0,6.0,1.299999952,8.0,9.600000381,4.0
2013-04-21 03:50:00+00:00,2868187,47.34899902,-124.7080002,7.599999905,1025.900024,7.0,1.200000048,7.0,9.5,6.0
2013-04-21 04:50:00+00:00,2868187,47.34899902,-124.7080002,7.699999809,1026.300049,7.0,1.200000048,7.0,9.600000381,6.0
2013-04-21 05:50:00+00:00,2868187,47.34899902,-124.7080002,7.699999809,1026.400024,4.0,1.200000048,11.0,9.699999809,3.0
2013-04-21 06:50:00+00:00,2868187,47.34899902,-124.7080002,8.100000381,1026.099976,4.0,1.200000048,8.0,9.800000191,3.0
2013-04-21 07:50:00+00:00,2868187,47.34899902,-124.7080002,8.100000381,1025.800049,4.0,1.200000048,7.0,9.699999809,3.0
2013-04-21 08:50:00+00:00,2868187,47.34899902,-124.7080002,8.199999809,1025.599976,5.0,1.200000048,7.0,9.699999809,4.0
2013-04-21 09:50:00+00:00,2868187,47.34899902,-124.7080002,7.699999809,1025.400024,6.0,1.200000048,7.0,9.600000381,5.0
2013-04-21 10:50:00+00:00,2868187,47.34899902,-124.7080002,7.400000095,1025.0,5.0,1.100000024,7.0,9.600000381,4.0
2013-04-21 12:50:00+00:00,2868187,47.34899902,-124.7080002,8.199999809,1024.699951,5.0,1.100000024,8.0,9.5,4.0
2013-04-21 13:50:00+00:00,2868187,47.34899902,-124.7080002,8.300000191,1024.800049,5.0,1.100000024,8.0,9.600000381,4.0
2013-04-21 14:50:00+00:00,2868187,47.34899902,-124.7080002,8.399999619,1024.900024,6.0,1.100000024,7.0,9.600000381,5.0
2013-04-21 15:50:00+00:00,2868187,47.34899902,-124.7080002,8.600000381,1025.0,4.0,1.0,11.0,9.600000381,3.0
2013-04-21 16:50:00+00:00,2868187,47.34899902,-124.7080002,7.5,1024.900024,5.0,1.0,8.0,9.600000381,4.0
2013-04-21 17:50:00+00:00,2868187,47.34899902,-124.7080002,8.199999809,1025.0,5.0,1.0,8.0,9.600000381,4.0
2013-04-21 18:50:00+00:00,2868187,47.34899902,-124.7080002,8.399999619,1025.5,7.0,1.0,7.0,9.800000191,5.0
2013-04-21 19:50:00+00:00,2868187,47.34899902,-124.7080002,8.600000381,1025.5,7.0,1.0,8.0,9.800000191,6.0
2013-04-21 20:50:00+00:00,2868187,47.34899902,-124.7080002,8.800000191,1025.699951,8.0,1.0,11.0,9.800000191,7.0
2013-04-21 21:50:00+00:00,2868187,47.34899902,-124.7080002,8.899999619,1025.900024,7.0,1.0,11.0,9.800000191,6.0
2013-04-21 22:50:00+00:00,2868187,47.34899902,-124.7080002,9.0,1026.0,7.0,1.0,7.0,9.800000191,6.0
2013-04-21 23:50:00+00:00,2868187,47.34899902,-124.7080002,9.0,1025.900024,8.0,1.0,7.0,9.899999619,7.0
2013-04-22 00:50:00+00:00,2868187,47.34899902,-124.7080002,8.899999619,1026.0,8.0,1.100000024,7.0,10.0,7.0
2013-04-22 01:50:00+00:00,2868187,47.34899902,-124.7080002,8.800000191,1026.300049,9.0,1.0,7.0,9.899999619,7.0
2013-04-22 02:50:00+00:00,2868187,47.34899902,-124.7080002,9.0,1026.300049,8.0,1.100000024,7.0,9.899999619,7.0
2013-04-22 03:50:00+00:00,2868187,47.34899902,-124.7080002,9.0,1026.599976,7.0,1.100000024,5.0,10.10000038,6.0
2013-04-22 04:50:00+00:00,2868187,47.34899902,-124.7080002,9.0,1027.199951,7.0,1.0,7.0,10.0,6.0
2013-04-22 05:50:00+00:00,2868187,47.34899902,-124.7080002,8.899999619,1027.199951,8.0,0.899999976,7.0,9.899999619,7.0
2013-04-22 06:50:00+00:00,2868187,47.34899902,-124.7080002,9.0,1027.699951,8.0,0.899999976,7.0,9.899999619,7.0
2013-04-22 07:50:00+00:00,2868187,47.34899902,-124.7080002,9.0,1028.300049,8.0,0.899999976,7.0,9.899999619,7.0
2013-04-22 08:50:00+00:00,2868187,47.34899902,-124.7080002,8.199999809,1029.099976,6.0,0.899999976,11.0,9.899999619,5.0
2013-04-22 09:50:00+00:00,2868187,47.34899902,-124.7080002,7.699999809,1029.599976,6.0,0.899999976,11.0,9.800000191,5.0
2013-04-22 10:50:00+00:00,2868187,47.34899902,-124.7080002,7.900000095,1030.099976,6.0,0.800000012,11.0,9.800000191,6.0
2013-04-22 11:50:00+00:00,2868187,47.34899902,-124.7080002,7.800000191,1030.5,7.0,0.899999976,11.0,9.699999809,6.0
2013-04-22 12:50:00+00:00,2868187,47.34899902,-124.7080002,7.5,1031.0,6.0,0.899999976,7.0,9.699999809,6.0
2013-04-22 13:50:00+00:00,2868187,47.34899902,-124.7080002,7.599999905,1031.699951,5.0,1.0,6.0,9.699999809,5.0
2013-04-22 14:50:00+00:00,2868187,47.34899902,-124.7080002,7.599999905,1032.099976,5.0,0.899999976,7.0,9.699999809,4.0
2013-04-22 15:50:00+00:00,2868187,47.34899902,-124.7080002,7.900000095,1032.400024,2.0,0.899999976,6.0,9.699999809,1.0
2013-04-22 16:50:00+00:00,2868187,47.34899902,-124.7080002,8.100000381,1032.400024,1.0,0.800000012,7.0,9.899999619,1.0
2013-04-22 17:50:00+00:00,2868187,47.34899902,-124.7080002,8.5,1032.800049,0.0,0.800000012,10.0,10.30000019,0.0
2013-04-22 18:50:00+00:00,2868187,47.34899902,-124.7080002,8.399999619,1033.0,1.0,0.899999976,6.0,11.10000038,1.0
2013-04-22 19:50:00+00:00,2868187,47.34899902,-124.7080002,8.800000191,1032.900024,1.0,0.800000012,6.0,11.80000019,0.0
2013-04-22 20:50:00+00:00,2868187,47.34899902,-124.7080002,9.399999619,1032.599976,3.0,0.800000012,7.0,12.5,2.0
2013-04-22 21:50:00+00:00,2868187,47.34899902,-124.7080002,10.0,1032.300049,4.0,0.800000012,10.0,12.10000038,3.0
2013-04-22 22:50:00+00:00,2868187,47.34899902,-124.7080002,10.10000038,1032.199951,6.0,0.699999988,7.0,11.10000038,5.0
2013-04-22 23:50:00+00:00,2868187,47.34899902,-124.7080002,10.80000019,1031.699951,6.0,0.699999988,6.0,10.69999981,5.0
2013-04-23 00:50:00+00:00,2868187,47.34899902,-124.7080002,10.89999962,1031.099976,9.0,0.699999988,6.0,10.60000038,7.0
2013-04-23 01:50:00+00:00,2868187,47.34899902,-124.7080002,10.39999962,1031.0,11.0,0.800000012,7.0,10.39999962,9.0
2013-04-23 02:50:00+00:00,2868187,47.34899902,-124.7080002,10.19999981,1030.699951,11.0,1.0,9.0,10.0,10.0
2013-04-23 03:50:00+00:00,2868187,47.34899902,-124.7080002,10.19999981,1030.599976,11.0,1.200000048,4.0,9.800000191,9.0
2013-04-23 04:50:00+00:00,2868187,47.34899902,-124.7080002,10.0,1030.5,11.0,1.100000024,4.0,9.800000191,9.0
2013-04-23 05:50:00+00:00,2868187,47.34899902,-124.7080002,9.800000191,1030.599976,10.0,1.100000024,4.0,9.699999809,8.0
2013-04-23 06:50:00+00:00,2868187,47.34899902,-124.7080002,9.699999809,1030.300049,10.0,1.100000024,9.0,9.800000191,9.0
2013-04-23 07:50:00+00:00,2868187,47.34899902,-124.7080002,9.600000381,1029.900024,11.0,1.100000024,4.0,9.899999619,9.0
2013-04-23 08:50:00+00:00,2868187,47.34899902,-124.7080002,9.600000381,1029.699951,7.0,1.0,9.0,10.0,6.0
2013-04-23 09:50:00+00:00,2868187,47.34899902,-124.7080002,9.5,1029.199951,6.0,0.800000012,8.0,10.19999981,5.0
2013-04-23 10:50:00+00:00,2868187,47.34899902,-124.7080002,9.5,1029.0,4.0,0.800000012,9.0,10.10000038,3.0
2013-04-23 11:50:00+00:00,2868187,47.34899902,-124.7080002,9.5,1028.900024,4.0,0.699999988,8.0,10.19999981,3.0
2013-04-23 12:50:00+00:00,2868187,47.34899902,-124.7080002,9.300000191,1028.5,5.0,0.699999988,8.0,10.19999981,5.0
2013-04-23 13:50:00+00:00,2868187,47.34899902,-124.7080002,9.0,1028.099976,4.0,0.699999988,8.0,10.19999981,3.0
2013-04-23 14:50:00+00:00,2868187,47.34899902,-124.7080002,9.0,1027.900024,4.0,0.699999988,8.0,10.10000038,3.0
2013-04-23 15:50:00+00:00,2868187,47.34899902,-124.7080002,9.0,1027.699951,4.0,0.699999988,9.0,10.0,3.0
2013-04-23 16:50:00+00:00,2868187,47.34899902,-124.7080002,9.199999809,1027.099976,5.0,0.699999988,13.0,10.0,4.0
2013-04-23 17:50:00+00:00,2868187,47.34899902,-124.7080002,9.5,1026.900024,6.0,0.699999988,12.0,10.0,4.0
2013-04-23 18:50:00+00:00,2868187,47.34899902,-124.7080002,9.600000381,1026.5,6.0,0.699999988,8.0,10.19999981,5.0
2013-04-23 19:50:00+00:00,2868187,47.34899902,-124.7080002,9.699999809,1026.400024,8.0,0.699999988,11.0,10.10000038,6.0
2013-04-23 20:50:00+00:00,2868187,47.34899902,-124.7080002,9.699999809,1025.599976,7.0,0.800000012,11.0,10.30000019,6.0
2013-04-23 21:50:00+00:00,2868187,47.34899902,-124.7080002,9.800000191,1025.599976,7.0,0.899999976,11.0,10.30000019,6.0
2013-04-23 22:50:00+00:00,2868187,47.34899902,-124.7080002,9.800000191,1025.099976,8.0,1.100000024,11.0,10.30000019,6.0
2013-04-23 23:50:00+00:00,2868187,47.34899902,-124.7080002,9.899999619,1024.800049,6.0,1.0,11.0,10.39999962,5.0
2013-04-24 00:50:00+00:00,2868187,47.34899902,-124.7080002,10.10000038,1024.300049,6.0,1.200000048,8.0,10.5,5.0
2013-04-24 01:50:00+00:00,2868187,47.34899902,-124.7080002,10.10000038,1023.900024,7.0,1.200000048,8.0,10.5,6.0
2013-04-24 02:50:00+00:00,2868187,47.34899902,-124.7080002,10.30000019,1024.0,6.0,1.299999952,8.0,10.39999962,5.0
2013-04-24 03:50:00+00:00,2868187,47.34899902,-124.7080002,10.39999962,1023.900024,8.0,1.299999952,8.0,10.5,7.0
2013-04-24 04:50:00+00:00,2868187,47.34899902,-124.7080002,10.5,1024.5,5.0,1.299999952,8.0,10.30000019,4.0
2013-04-24 05:50:00+00:00,2868187,47.34899902,-124.7080002,10.39999962,1024.800049,3.0,1.399999976,8.0,10.30000019,3.0
2013-04-24 06:50:00+00:00,2868187,47.34899902,-124.7080002,10.30000019,1024.900024,4.0,1.399999976,8.0,10.30000019,3.0
2013-04-24 07:50:00+00:00,2868187,47.34899902,-124.7080002,10.30000019,1025.199951,3.0,1.399999976,8.0,10.30000019,2.0
2013-04-24 08:50:00+00:00,2868187,47.34899902,-124.7080002,10.39999962,1025.5,2.0,1.299999952,8.0,10.19999981,1.0
2013-04-24 09:50:00+00:00,2868187,47.34899902,-124.7080002,9.899999619,1025.800049,5.0,1.399999976,8.0,10.19999981,4.0
2013-04-24 10:50:00+00:00,2868187,47.34899902,-124.7080002,10.10000038,1025.900024,4.0,1.299999952,8.0,10.19999981,3.0
2013-04-24 12:50:00+00:00,2868187,47.34899902,-124.7080002,9.899999619,1026.0,3.0,1.5,7.0,10.0,2.0
2013-04-24 13:50:00+00:00,2868187,47.34899902,-124.7080002,9.800000191,1026.0,3.0,1.299999952,8.0,10.0,2.0
2013-04-24 15:50:00+00:00,2868187,47.34899902,-124.7080002,10.19999981,1026.0,2.0,1.399999976,7.0,10.10000038,2.0
2013-04-24 16:50:00+00:00,2868187,47.34899902,-124.7080002,9.899999619,1025.699951,2.0,1.299999952,7.0,10.30000019,2.0
2013-04-24 17:50:00+00:00,2868187,47.34899902,-124.7080002,10.80000019,1025.599976,1.0,1.200000048,8.0,10.69999981,0.0
2013-04-24 18:50:00+00:00,2868187,47.34899902,-124.7080002,10.80000019,1025.099976,2.0,1.100000024,8.0,11.39999962,1.0
2013-04-24 19:50:00+00:00,2868187,47.34899902,-124.7080002,10.80000019,1024.699951,4.0,1.100000024,8.0,11.5,3.0
2013-04-24 20:50:00+00:00,2868187,47.34899902,-124.7080002,11.0,1023.900024,5.0,1.0,7.0,11.30000019,4.0
2013-04-24 21:50:00+00:00,2868187,47.34899902,-124.7080002,11.19999981,1023.200012,7.0,1.0,8.0,11.19999981,5.0
2013-04-24 22:50:00+00:00,2868187,47.34899902,-124.7080002,11.19999981,1022.5,7.0,0.899999976,7.0,11.19999981,6.0
2013-04-24 23:50:00+00:00,2868187,47.34899902,-124.7080002,11.69999981,1021.700012,8.0,0.899999976,7.0,11.10000038,7.0
2013-04-25 00:50:00+00:00,2868187,47.34899902,-124.7080002,11.10000038,1020.799988,10.0,0.899999976,10.0,10.80000019,8.0
2013-04-25 01:50:00+00:00,2868187,47.34899902,-124.7080002,10.80000019,1020.5,7.0,0.899999976,11.0,10.80000019,6.0
2013-04-25 02:50:00+00:00,2868187,47.34899902,-124.7080002,10.60000038,1019.799988,10.0,0.800000012,11.0,10.60000038,9.0
2013-04-25 03:50:00+00:00,2868187,47.34899902,-124.7080002,10.39999962,1019.5,9.0,0.800000012,10.0,10.30000019,7.0
2013-04-25 04:50:00+00:00,2868187,47.34899902,-124.7080002,10.10000038,1019.400024,10.0,1.0,11.0,10.5,9.0
2013-04-25 05:50:00+00:00,2868187,47.34899902,-124.7080002,10.0,1019.200012,10.0,0.899999976,6.0,10.19999981,8.0
2013-04-25 06:50:00+00:00,2868187,47.34899902,-124.7080002,10.0,1018.900024,9.0,0.899999976,6.0,10.19999981,8.0
2013-04-25 07:50:00+00:00,2868187,47.34899902,-124.7080002,10.10000038,1018.700012,9.0,0.899999976,4.0,10.19999981,7.0
2013-04-25 08:50:00+00:00,2868187,47.34899902,-124.7080002,10.10000038,1018.5,7.0,0.899999976,10.0,10.30000019,6.0
2013-04-25 09:50:00+00:00,2868187,47.34899902,-124.7080002,10.10000038,1018.0,8.0,0.899999976,6.0,10.19999981,7.0
2013-04-25 10:50:00+00:00,2868187,47.34899902,-124.7080002,10.10000038,1017.799988,7.0,0.899999976,6.0,10.19999981,6.0
2013-04-25 11:50:00+00:00,2868187,47.34899902,-124.7080002,10.10000038,1017.599976,6.0,1.0,6.0,10.19999981,5.0
2013-04-25 12:50:00+00:00,2868187,47.34899902,-124.7080002,10.10000038,1017.799988,6.0,1.100000024,6.0,10.30000019,5.0
2013-04-25 13:50:00+00:00,2868187,47.34899902,-124.7080002,10.19999981,1017.900024,6.0,1.100000024,7.0,10.30000019,5.0
2013-04-25 14:50:00+00:00,2868187,47.34899902,-124.7080002,10.30000019,1018.0,5.0,1.299999952,7.0,10.30000019,5.0
2013-04-25 15:50:00+00:00,2868187,47.34899902,-124.7080002,10.5,1018.5,5.0,1.299999952,8.0,10.39999962,4.0
2013-04-25 16:50:00+00:00,2868187,47.34899902,-124.7080002,10.69999981,1018.900024,4.0,1.399999976,8.0,10.39999962,3.0
2013-04-25 17:50:00+00:00,2868187,47.34899902,-124.7080002,10.39999962,1019.200012,6.0,1.399999976,7.0,10.5,6.0
2013-04-25 18:50:00+00:00,2868187,47.34899902,-124.7080002,10.30000019,1019.700012,7.0,1.399999976,8.0,10.5,6.0
2013-04-25 19:50:00+00:00,2868187,47.34899902,-124.7080002,10.39999962,1020.200012,7.0,1.5,7.0,10.19999981,6.0
2013-04-25 20:50:00+00:00,2868187,47.34899902,-124.7080002,10.30000019,1020.299988,8.0,1.399999976,8.0,10.30000019,7.0
2013-04-25 21:50:00+00:00,2868187,47.34899902,-124.7080002,10.10000038,1020.799988,10.0,1.399999976,7.0,10.30000019,8.0
2013-04-25 22:50:00+00:00,2868187,47.34899902,-124.7080002,9.899999619,1021.0,9.0,1.399999976,7.0,10.10000038,8.0
2013-04-25 23:50:00+00:00,2868187,47.34899902,-124.7080002,9.5,1021.0,10.0,1.5,7.0,10.0,9.0
2013-04-26 00:50:00+00:00,2868187,47.34899902,-124.7080002,9.0,1021.099976,9.0,1.5,7.0,9.899999619,8.0
2013-04-26 01:50:00+00:00,2868187,47.34899902,-124.7080002,9.199999809,1021.200012,10.0,1.200000048,7.0,10.10000038,8.0
2013-04-26 02:50:00+00:00,2868187,47.34899902,-124.7080002,8.699999809,1021.299988,9.0,1.100000024,7.0,10.19999981,7.0
2013-04-26 03:50:00+00:00,2868187,47.34899902,-124.7080002,8.5,1021.700012,9.0,1.200000048,7.0,10.0,7.0
2013-04-26 04:50:00+00:00,2868187,47.34899902,-124.7080002,8.5,1022.5,7.0,1.100000024,6.0,9.800000191,6.0
2013-04-26 05:50:00+00:00,2868187,47.34899902,-124.7080002,8.300000191,1022.700012,7.0,1.100000024,7.0,9.600000381,5.0
2013-04-26 06:50:00+00:00,2868187,47.34899902,-124.7080002,8.300000191,1022.599976,7.0,1.0,6.0,9.5,5.0
2013-04-26 07:50:00+00:00,2868187,47.34899902,-124.7080002,8.100000381,1022.700012,6.0,1.0,7.0,9.399999619,5.0
2013-04-26 08:50:00+00:00,2868187,47.34899902,-124.7080002,8.0,1023.0,6.0,0.899999976,7.0,9.300000191,5.0
2013-04-26 09:50:00+00:00,2868187,47.34899902,-124.7080002,8.0,1023.0,5.0,0.899999976,6.0,9.300000191,4.0
2013-04-26 10:50:00+00:00,2868187,47.34899902,-124.7080002,7.900000095,1023.400024,5.0,0.800000012,6.0,9.199999809,3.0
2013-04-26 11:50:00+00:00,2868187,47.34899902,-124.7080002,8.0,1023.799988,5.0,0.800000012,6.0,9.5,4.0
2013-04-26 12:50:00+00:00,2868187,47.34899902,-124.7080002,8.0,1023.900024,5.0,0.800000012,14.0,9.699999809,4.0
2013-04-26 13:50:00+00:00,2868187,47.34899902,-124.7080002,7.900000095,1023.700012,3.0,0.800000012,6.0,9.300000191,2.0
2013-04-26 14:50:00+00:00,2868187,47.34899902,-124.7080002,8.300000191,1024.199951,1.0,0.800000012,6.0,9.199999809,1.0
2013-04-26 15:50:00+00:00,2868187,47.34899902,-124.7080002,8.600000381,1024.300049,1.0,0.800000012,14.0,9.399999619,0.0
2013-04-26 16:50:00+00:00,2868187,47.34899902,-124.7080002,9.199999809,1024.599976,0.0,0.699999988,6.0,9.899999619,0.0
2013-04-26 17:50:00+00:00,2868187,47.34899902,-124.7080002,8.699999809,1025.0,2.0,0.699999988,14.0,10.30000019,1.0
2013-04-26 18:50:00+00:00,2868187,47.34899902,-124.7080002,8.699999809,1025.800049,2.0,0.699999988,14.0,10.60000038,2.0
2013-04-26 19:50:00+00:00,2868187,47.34899902,-124.7080002,9.199999809,1025.400024,3.0,0.600000024,15.0,11.19999981,2.0
2013-04-26 20:50:00+00:00,2868187,47.34899902,-124.7080002,9.5,1025.699951,2.0,0.699999988,14.0,11.39999962,2.0
2013-04-26 21:50:00+00:00,2868187,47.34899902,-124.7080002,9.699999809,1025.400024,2.0,0.600000024,14.0,11.60000038,2.0
2013-04-26 22:50:00+00:00,2868187,47.34899902,-124.7080002,9.899999619,1025.199951,3.0,0.5,15.0,11.80000019,2.0
2013-04-26 23:50:00+00:00,2868187,47.34899902,-124.7080002,10.10000038,1025.199951,4.0,0.600000024,14.0,11.30000019,3.0
2013-04-27 00:50:00+00:00,2868187,47.34899902,-124.7080002,10.19999981,1025.099976,3.0,0.5,14.0,11.10000038,3.0
2013-04-27 01:50:00+00:00,2868187,47.34899902,-124.7080002,10.19999981,1024.300049,2.0,0.600000024,15.0,11.5,1.0
2013-04-27 02:50:00+00:00,2868187,47.34899902,-124.7080002,10.19999981,1024.199951,1.0,0.600000024,14.0,11.30000019,1.0
2013-04-27 03:50:00+00:00,2868187,47.34899902,-124.7080002,10.30000019,1024.300049,2.0,0.600000024,14.0,11.19999981,2.0
2013-04-27 04:50:00+00:00,2868187,47.34899902,-124.7080002,10.30000019,1024.099976,2.0,0.600000024,16.0,11.0,2.0
2013-04-27 05:50:00+00:00,2868187,47.34899902,-124.7080002,10.30000019,1023.599976,4.0,0.600000024,13.0,10.80000019,3.0
2013-04-27 06:50:00+00:00,2868187,47.34899902,-124.7080002,10.30000019,1023.299988,5.0,0.600000024,13.0,10.60000038,4.0
2013-04-27 07:50:00+00:00,2868187,47.34899902,-124.7080002,10.30000019,1023.799988,4.0,0.699999988,14.0,10.5,4.0
2013-04-27 08:50:00+00:00,2868187,47.34899902,-124.7080002,10.39999962,1023.400024,4.0,0.699999988,13.0,10.5,3.0
2013-04-27 09:50:00+00:00,2868187,47.34899902,-124.7080002,10.39999962,1022.900024,4.0,0.699999988,15.0,10.60000038,4.0
2013-04-27 10:50:00+00:00,2868187,47.34899902,-124.7080002,10.39999962,1022.700012,5.0,0.699999988,14.0,10.60000038,4.0
2013-04-27 12:50:00+00:00,2868187,47.34899902,-124.7080002,10.10000038,1022.299988,6.0,0.899999976,14.0,10.39999962,4.0
2013-04-27 13:50:00+00:00,2868187,47.34899902,-124.7080002,9.800000191,1022.400024,6.0,0.899999976,7.0,10.39999962,5.0
2013-04-27 14:50:00+00:00,2868187,47.34899902,-124.7080002,9.800000191,1023.099976,7.0,1.0,8.0,10.19999981,5.0
2013-04-27 15:50:00+00:00,2868187,47.34899902,-124.7080002,9.300000191,1023.700012,8.0,1.100000024,8.0,10.30000019,6.0
2013-04-27 16:50:00+00:00,2868187,47.34899902,-124.7080002,9.5,1023.599976,7.0,1.299999952,8.0,10.19999981,6.0
2013-04-27 17:50:00+00:00,2868187,47.34899902,-124.7080002,9.899999619,1023.599976,7.0,1.299999952,8.0,10.30000019,5.0
2013-04-27 18:50:00+00:00,2868187,47.34899902,-124.7080002,10.0,1023.900024,7.0,1.399999976,8.0,10.19999981,5.0
2013-04-27 19:50:00+00:00,2868187,47.34899902,-124.7080002,10.10000038,1023.799988,7.0,1.299999952,8.0,10.30000019,6.0
2013-04-27 20:50:00+00:00,2868187,47.34899902,-124.7080002,10.10000038,1023.700012,7.0,1.399999976,6.0,10.19999981,6.0
2013-04-27 21:50:00+00:00,2868187,47.34899902,-124.7080002,10.10000038,1023.900024,8.0,1.399999976,7.0,10.30000019,7.0
2013-04-27 22:50:00+00:00,2868187,47.34899902,-124.7080002,9.800000191,1024.0,7.0,1.399999976,6.0,10.19999981,6.0
2013-04-27 23:50:00+00:00,2868187,47.34899902,-124.7080002,9.800000191,1023.799988,7.0,1.5,7.0,10.19999981,6.0
2013-04-28 00:50:00+00:00,2868187,47.34899902,-124.7080002,9.800000191,1023.599976,7.0,1.5,7.0,10.10000038,6.0
2013-04-28 01:50:00+00:00,2868187,47.34899902,-124.7080002,9.899999619,1023.599976,7.0,1.600000024,7.0,10.30000019,6.0
2013-04-28 02:50:00+00:00,2868187,47.34899902,-124.7080002,9.699999809,1023.599976,6.0,1.600000024,7.0,10.19999981,5.0
2013-04-28 03:50:00+00:00,2868187,47.34899902,-124.7080002,9.800000191,1023.799988,7.0,1.5,8.0,10.10000038,5.0
2013-04-28 04:50:00+00:00,2868187,47.34899902,-124.7080002,9.899999619,1024.099976,5.0,1.600000024,9.0,10.0,4.0
2013-04-28 05:50:00+00:00,2868187,47.34899902,-124.7080002,9.800000191,1023.900024,4.0,1.799999952,8.0,9.899999619,3.0
2013-04-28 06:50:00+00:00,2868187,47.34899902,-124.7080002,9.600000381,1023.700012,6.0,1.899999976,10.0,9.899999619,5.0
2013-04-28 07:50:00+00:00,2868187,47.34899902,-124.7080002,9.399999619,1023.599976,4.0,2.299999952,10.0,9.800000191,3.0
2013-04-28 08:50:00+00:00,2868187,47.34899902,-124.7080002,9.600000381,1023.400024,3.0,1.899999976,10.0,9.800000191,3.0
2013-04-28 09:50:00+00:00,2868187,47.34899902,-124.7080002,9.600000381,1023.099976,4.0,1.899999976,10.0,9.800000191,3.0
2013-04-28 10:50:00+00:00,2868187,47.34899902,-124.7080002,9.5,1023.099976,6.0,1.899999976,10.0,9.800000191,4.0
2013-04-28 11:50:00+00:00,2868187,47.34899902,-124.7080002,9.600000381,1023.200012,6.0,2.099999905,10.0,9.800000191,5.0
2013-04-28 12:50:00+00:00,2868187,47.34899902,-124.7080002,9.0,1022.900024,10.0,1.899999976,9.0,9.699999809,8.0
2013-04-28 13:50:00+00:00,2868187,47.34899902,-124.7080002,8.800000191,1022.799988,11.0,2.0,10.0,9.899999619,9.0
2013-04-28 14:50:00+00:00,2868187,47.34899902,-124.7080002,9.100000381,1023.400024,8.0,1.899999976,9.0,10.0,6.0
2013-04-28 15:50:00+00:00,2868187,47.34899902,-124.7080002,9.399999619,1023.799988,8.0,1.899999976,9.0,10.10000038,7.0
2013-04-28 16:50:00+00:00,2868187,47.34899902,-124.7080002,9.300000191,1024.099976,8.0,1.799999952,9.0,10.10000038,7.0
2013-04-28 17:50:00+00:00,2868187,47.34899902,-124.7080002,9.100000381,1024.099976,6.0,1.799999952,10.0,10.0,5.0
2013-04-28 18:50:00+00:00,2868187,47.34899902,-124.7080002,9.300000191,1024.099976,3.0,1.600000024,10.0,10.39999962,2.0
2013-04-28 19:50:00+00:00,2868187,47.34899902,-124.7080002,9.399999619,1024.099976,2.0,1.600000024,9.0,10.69999981,2.0
2013-04-28 20:50:00+00:00,2868187,47.34899902,-124.7080002,9.600000381,1023.799988,5.0,1.600000024,9.0,10.80000019,4.0
2013-04-28 21:50:00+00:00,2868187,47.34899902,-124.7080002,9.800000191,1023.0,6.0,1.399999976,9.0,10.89999962,5.0
2013-04-28 22:50:00+00:00,2868187,47.34899902,-124.7080002,9.899999619,1022.400024,8.0,1.5,9.0,11.0,6.0
2013-04-28 23:50:00+00:00,2868187,47.34899902,-124.7080002,9.100000381,1021.599976,7.0,1.600000024,9.0,10.80000019,6.0
2013-04-29 00:50:00+00:00,2868187,47.34899902,-124.7080002,9.5,1020.5,8.0,1.600000024,9.0,10.80000019,7.0
2013-04-29 01:50:00+00:00,2868187,47.34899902,-124.7080002,9.5,1019.200012,9.0,1.600000024,8.0,10.69999981,8.0
2013-04-29 02:50:00+00:00,2868187,47.34899902,-124.7080002,9.399999619,1017.599976,11.0,1.700000048,8.0,10.5,9.0
2013-04-29 03:50:00+00:00,2868187,47.34899902,-124.7080002,9.300000191,1017.0,10.0,1.600000024,8.0,10.30000019,8.0
2013-04-29 04:50:00+00:00,2868187,47.34899902,-124.7080002,9.5,1016.099976,9.0,1.700000048,8.0,10.19999981,7.0
2013-04-29 05:50:00+00:00,2868187,47.34899902,-124.7080002,10.10000038,1015.400024,12.0,1.700000048,8.0,10.10000038,10.0
2013-04-29 06:50:00+00:00,2868187,47.34899902,-124.7080002,9.5,1016.0,15.0,1.899999976,9.0,9.899999619,12.0
2013-04-29 07:50:00+00:00,2868187,47.34899902,-124.7080002,9.300000191,1016.799988,12.0,1.899999976,6.0,9.800000191,11.0
2013-04-29 08:50:00+00:00,2868187,47.34899902,-124.7080002,9.199999809,1017.299988,13.0,2.099999905,9.0,9.800000191,11.0
2013-04-29 09:50:00+00:00,2868187,47.34899902,-124.7080002,9.0,1017.700012,11.0,2.0,6.0,9.800000191,9.0
2013-04-29 10:50:00+00:00,2868187,47.34899902,-124.7080002,8.5,1018.0,14.0,1.899999976,7.0,9.699999809,9.0
2013-04-29 11:50:00+00:00,2868187,47.34899902,-124.7080002,8.399999619,1018.400024,11.0,1.899999976,8.0,9.600000381,9.0
2013-04-29 12:50:00+00:00,2868187,47.34899902,-124.7080002,8.399999619,1018.700012,13.0,2.099999905,7.0,9.600000381,11.0
2013-04-29 13:50:00+00:00,2868187,47.34899902,-124.7080002,7.900000095,1019.400024,13.0,2.099999905,7.0,9.5,11.0
2013-04-29 14:50:00+00:00,2868187,47.34899902,-124.7080002,8.100000381,1020.299988,11.0,2.299999952,9.0,9.399999619,9.0
2013-04-29 15:50:00+00:00,2868187,47.34899902,-124.7080002,7.599999905,1021.200012,10.0,2.400000095,8.0,9.300000191,8.0
2013-04-29 16:50:00+00:00,2868187,47.34899902,-124.7080002,6.599999905,1021.599976,16.0,2.299999952,9.0,9.300000191,12.0
2013-04-29 17:50:00+00:00,2868187,47.34899902,-124.7080002,8.0,1022.099976,10.0,2.400000095,8.0,9.199999809,8.0
2013-04-29 18:50:00+00:00,2868187,47.34899902,-124.7080002,7.199999809,1022.599976,10.0,2.5,8.0,9.199999809,8.0
2013-04-29 19:50:00+00:00,2868187,47.34899902,-124.7080002,7.699999809,1023.0,8.0,3.0,8.0,9.199999809,6.0
2013-04-29 20:50:00+00:00,2868187,47.34899902,-124.7080002,7.800000191,1023.200012,10.0,3.099999905,10.0,9.199999809,8.0
2013-04-29 21:50:00+00:00,2868187,47.34899902,-124.7080002,7.800000191,1023.299988,10.0,2.799999952,10.0,9.300000191,8.0
2013-04-29 22:50:00+00:00,2868187,47.34899902,-124.7080002,8.100000381,1023.200012,10.0,2.599999905,9.0,9.300000191,8.0
2013-04-29 23:50:00+00:00,2868187,47.34899902,-124.7080002,8.100000381,1023.299988,11.0,2.700000048,8.0,9.300000191,9.0
2013-04-30 00:50:00+00:00,2868187,47.34899902,-124.7080002,7.800000191,1023.200012,14.0,2.799999952,10.0,9.199999809,11.0
2013-04-30 01:50:00+00:00,2868187,47.34899902,-124.7080002,8.199999809,1023.0,11.0,2.799999952,10.0,9.300000191,10.0
2013-04-30 02:50:00+00:00,2868187,47.34899902,-124.7080002,7.900000095,1022.799988,10.0,2.700000048,10.0,9.300000191,8.0
2013-04-30 03:50:00+00:00,2868187,47.34899902,-124.7080002,8.100000381,1022.799988,12.0,2.599999905,9.0,9.100000381,10.0
2013-04-30 04:50:00+00:00,2868187,47.34899902,-124.7080002,8.100000381,1023.200012,13.0,2.599999905,11.0,9.100000381,10.0
2013-04-30 05:50:00+00:00,2868187,47.34899902,-124.7080002,7.5,1023.299988,10.0,2.599999905,11.0,9.0,7.0
2013-04-30 06:50:00+00:00,2868187,47.34899902,-124.7080002,7.800000191,1023.299988,12.0,2.400000095,8.0,9.0,10.0
2013-04-30 07:50:00+00:00,2868187,47.34899902,-124.7080002,7.599999905,1023.400024,13.0,2.700000048,11.0,9.0,10.0
2013-04-30 08:50:00+00:00,2868187,47.34899902,-124.7080002,7.0,1023.700012,11.0,2.700000048,11.0,8.899999619,9.0
2013-04-30 09:50:00+00:00,2868187,47.34899902,-124.7080002,7.900000095,1023.400024,13.0,2.799999952,11.0,8.899999619,10.0
2013-04-30 10:50:00+00:00,2868187,47.34899902,-124.7080002,7.800000191,1023.400024,13.0,2.900000095,8.0,8.899999619,11.0
2013-04-30 12:50:00+00:00,2868187,47.34899902,-124.7080002,7.699999809,1023.799988,12.0,2.900000095,8.0,8.800000191,10.0
2013-04-30 13:50:00+00:00,2868187,47.34899902,-124.7080002,7.599999905,1024.199951,13.0,2.900000095,10.0,8.899999619,10.0
2013-04-30 14:50:00+00:00,2868187,47.34899902,-124.7080002,7.900000095,1025.0,11.0,2.799999952,9.0,8.899999619,9.0
2013-04-30 15:50:00+00:00,2868187,47.34899902,-124.7080002,7.900000095,1025.5,12.0,2.900000095,11.0,8.899999619,10.0
2013-04-30 16:50:00+00:00,2868187,47.34899902,-124.7080002,7.800000191,1026.0,10.0,2.900000095,10.0,8.899999619,8.0
2013-04-30 17:50:00+00:00,2868187,47.34899902,-124.7080002,7.800000191,1026.800049,9.0,3.0,10.0,8.899999619,8.0
2013-04-30 18:50:00+00:00,2868187,47.34899902,-124.7080002,8.0,1027.699951,10.0,2.599999905,9.0,9.100000381,8.0
2013-04-30 19:50:00+00:00,2868187,47.34899902,-124.7080002,8.0,1028.099976,10.0,2.599999905,11.0,9.399999619,8.0
2013-04-30 20:50:00+00:00,2868187,47.34899902,-124.7080002,7.900000095,1028.300049,9.0,2.599999905,11.0,9.5,8.0
2013-04-30 21:50:00+00:00,2868187,47.34899902,-124.7080002,8.0,1028.900024,10.0,2.599999905,8.0,9.699999809,8.0
2013-04-30 22:50:00+00:00,2868187,47.34899902,-124.7080002,8.0,1029.199951,10.0,2.5,10.0,9.800000191,8.0
2013-04-30 23:50:00+00:00,2868187,47.34899902,-124.7080002,7.900000095,1029.400024,11.0,2.400000095,10.0,9.899999619,9.0
2013-05-01 00:50:00+00:00,2868187,47.34899902,-124.7080002,8.0,1029.800049,10.0,2.099999905,11.0,9.899999619,8.0
2013-05-01 01:50:00+00:00,2868187,47.34899902,-124.7080002,7.900000095,1029.900024,9.0,2.099999905,10.0,10.0,8.0
2013-05-01 02:50:00+00:00,2868187,47.34899902,-124.7080002,8.0,1030.199951,9.0,2.0,10.0,9.899999619,7.0
2013-05-01 03:50:00+00:00,2868187,47.34899902,-124.7080002,7.900000095,1030.400024,8.0,1.799999952,9.0,9.800000191,7.0
2013-05-01 04:50:00+00:00,2868187,47.34899902,-124.7080002,8.0,1031.099976,7.0,1.899999976,10.0,9.399999619,6.0
2013-05-01 05:50:00+00:00,2868187,47.34899902,-124.7080002,8.0,1031.400024,7.0,1.799999952,10.0,9.300000191,6.0
2013-05-01 06:50:00+00:00,2868187,47.34899902,-124.7080002,8.0,1031.699951,7.0,1.899999976,9.0,9.0,6.0
2013-05-01 07:50:00+00:00,2868187,47.34899902,-124.7080002,8.100000381,1032.199951,7.0,1.899999976,9.0,8.899999619,5.0
2013-05-01 08:50:00+00:00,2868187,47.34899902,-124.7080002,8.100000381,1032.400024,6.0,2.0,9.0,9.0,5.0
2013-05-01 09:50:00+00:00,2868187,47.34899902,-124.7080002,8.100000381,1032.400024,5.0,1.899999976,9.0,9.0,4.0
2013-05-01 10:50:00+00:00,2868187,47.34899902,-124.7080002,8.100000381,1032.5,5.0,1.899999976,9.0,9.0,4.0
2013-05-01 11:50:00+00:00,2868187,47.34899902,-124.7080002,7.699999809,1033.099976,3.0,1.700000048,9.0,9.0,2.0
2013-05-01 12:50:00+00:00,2868187,47.34899902,-124.7080002,7.5,1033.099976,3.0,1.600000024,9.0,9.0,2.0
2013-05-01 13:50:00+00:00,2868187,47.34899902,-124.7080002,7.199999809,1033.599976,3.0,1.600000024,9.0,9.100000381,3.0
2013-05-01 14:50:00+00:00,2868187,47.34899902,-124.7080002,6.900000095,1034.300049,4.0,1.399999976,9.0,9.199999809,3.0
2013-05-01 15:50:00+00:00,2868187,47.34899902,-124.7080002,6.699999809,1034.599976,3.0,1.200000048,9.0,9.100000381,3.0
2013-05-01 16:50:00+00:00,2868187,47.34899902,-124.7080002,6.900000095,1035.099976,2.0,1.200000048,8.0,9.300000191,1.0
2013-05-01 17:50:00+00:00,2868187,47.34899902,-124.7080002,7.400000095,1035.599976,2.0,1.200000048,9.0,9.800000191,2.0
2013-05-01 18:50:00+00:00,2868187,47.34899902,-124.7080002,7.800000191,1035.599976,3.0,1.200000048,10.0,10.30000019,2.0
2013-05-01 19:50:00+00:00,2868187,47.34899902,-124.7080002,8.399999619,1035.699951,5.0,1.200000048,10.0,10.0,4.0
2013-05-01 20:50:00+00:00,2868187,47.34899902,-124.7080002,8.699999809,1035.699951,7.0,1.200000048,7.0,9.800000191,6.0
2013-05-01 21:50:00+00:00,2868187,47.34899902,-124.7080002,8.699999809,1035.699951,8.0,1.200000048,8.0,9.600000381,7.0
2013-05-01 22:50:00+00:00,2868187,47.34899902,-124.7080002,8.899999619,1035.400024,9.0,1.100000024,9.0,9.399999619,7.0
2013-05-01 23:50:00+00:00,2868187,47.34899902,-124.7080002,9.0,1034.699951,9.0,1.100000024,9.0,9.600000381,7.0
2013-05-02 00:50:00+00:00,2868187,47.34899902,-124.7080002,9.100000381,1034.400024,8.0,1.100000024,9.0,9.600000381,7.0
2013-05-02 01:50:00+00:00,2868187,47.34899902,-124.7080002,9.100000381,1034.099976,8.0,1.100000024,8.0,9.100000381,7.0
2013-05-02 02:50:00+00:00,2868187,47.34899902,-124.7080002,9.0,1034.0,8.0,1.0,8.0,8.899999619,7.0
2013-05-02 03:50:00+00:00,2868187,47.34899902,-124.7080002,9.0,1034.099976,9.0,1.0,8.0,8.899999619,7.0
2013-05-02 04:50:00+00:00,2868187,47.34899902,-124.7080002,9.0,1034.099976,8.0,1.0,9.0,8.800000191,7.0
2013-05-02 05:50:00+00:00,2868187,47.34899902,-124.7080002,8.899999619,1033.900024,8.0,1.100000024,8.0,8.699999809,7.0
2013-05-02 06:50:00+00:00,2868187,47.34899902,-124.7080002,8.899999619,1033.699951,10.0,1.200000048,9.0,8.600000381,8.0
2013-05-02 07:50:00+00:00,2868187,47.34899902,-124.7080002,8.800000191,1033.699951,9.0,1.100000024,9.0,8.600000381,7.0
2013-05-02 08:50:00+00:00,2868187,47.34899902,-124.7080002,8.699999809,1033.599976,7.0,1.100000024,8.0,8.699999809,6.0
2013-05-02 09:50:00+00:00,2868187,47.34899902,-124.7080002,8.600000381,1033.099976,7.0,0.899999976,8.0,8.800000191,6.0
2013-05-02 10:50:00+00:00,2868187,47.34899902,-124.7080002,8.600000381,1033.099976,6.0,0.899999976,8.0,8.800000191,5.0
2013-05-02 11:50:00+00:00,2868187,47.34899902,-124.7080002,8.600000381,1032.5,7.0,0.800000012,15.0,8.800000191,6.0
2013-05-02 12:50:00+00:00,2868187,47.34899902,-124.7080002,8.399999619,1032.099976,5.0,0.800000012,16.0,8.800000191,5.0
2013-05-02 13:50:00+00:00,2868187,47.34899902,-124.7080002,8.600000381,1032.300049,5.0,0.800000012,8.0,8.699999809,4.0
2013-05-02 14:50:00+00:00,2868187,47.34899902,-124.7080002,8.600000381,1032.300049,5.0,0.800000012,17.0,8.699999809,4.0
2013-05-02 15:50:00+00:00,2868187,47.34899902,-124.7080002,8.699999809,1032.099976,4.0,0.899999976,16.0,8.699999809,4.0
2013-05-02 16:50:00+00:00,2868187,47.34899902,-124.7080002,8.800000191,1032.0,4.0,0.899999976,8.0,8.699999809,3.0
2013-05-02 17:50:00+00:00,2868187,47.34899902,-124.7080002,9.100000381,1031.800049,6.0,0.800000012,11.0,8.899999619,5.0
2013-05-02 18:50:00+00:00,2868187,47.34899902,-124.7080002,9.199999809,1031.599976,7.0,0.800000012,14.0,8.899999619,6.0
2013-05-02 19:50:00+00:00,2868187,47.34899902,-124.7080002,9.300000191,1031.199951,8.0,0.800000012,11.0,8.899999619,7.0
2013-05-02 20:50:00+00:00,2868187,47.34899902,-124.7080002,9.399999619,1031.199951,10.0,0.800000012,11.0,8.899999619,8.0
2013-05-02 21:50:00+00:00,2868187,47.34899902,-124.7080002,9.600000381,1030.699951,10.0,0.899999976,14.0,8.899999619,8.0
2013-05-02 22:50:00+00:00,2868187,47.34899902,-124.7080002,9.5,1030.199951,10.0,1.100000024,4.0,9.0,9.0
2013-05-02 23:50:00+00:00,2868187,47.34899902,-124.7080002,9.5,1029.699951,12.0,1.200000048,4.0,9.0,10.0
2013-05-03 00:50:00+00:00,2868187,47.34899902,-124.7080002,9.800000191,1029.099976,11.0,1.200000048,5.0,8.899999619,9.0
2013-05-03 01:50:00+00:00,2868187,47.34899902,-124.7080002,9.699999809,1029.099976,11.0,1.200000048,4.0,8.899999619,10.0
2013-05-03 02:50:00+00:00,2868187,47.34899902,-124.7080002,9.5,1028.900024,10.0,1.200000048,5.0,8.899999619,9.0
2013-05-03 03:50:00+00:00,2868187,47.34899902,-124.7080002,9.699999809,1028.800049,12.0,1.200000048,11.0,8.899999619,10.0
2013-05-03 05:50:00+00:00,2868187,47.34899902,-124.7080002,9.5,1029.199951,10.0,1.299999952,6.0,8.800000191,9.0
2013-05-03 06:50:00+00:00,2868187,47.34899902,-124.7080002,9.5,1028.900024,11.0,1.299999952,5.0,8.800000191,10.0
2013-05-03 07:50:00+00:00,2868187,47.34899902,-124.7080002,9.399999619,1028.900024,10.0,1.399999976,5.0,8.800000191,8.0
2013-05-03 08:50:00+00:00,2868187,47.34899902,-124.7080002,9.300000191,1028.800049,9.0,1.5,6.0,8.800000191,7.0
2013-05-03 09:50:00+00:00,2868187,47.34899902,-124.7080002,9.199999809,1028.099976,9.0,1.399999976,10.0,8.800000191,8.0
2013-05-03 10:50:00+00:00,2868187,47.34899902,-124.7080002,9.0,1028.400024,7.0,1.399999976,6.0,8.699999809,5.0
2013-05-03 11:50:00+00:00,2868187,47.34899902,-124.7080002,9.0,1028.5,8.0,1.5,11.0,8.699999809,7.0
2013-05-03 12:50:00+00:00,2868187,47.34899902,-124.7080002,9.100000381,1028.5,8.0,1.399999976,9.0,8.699999809,6.0
2013-05-03 13:50:00+00:00,2868187,47.34899902,-124.7080002,9.0,1028.599976,6.0,1.399999976,11.0,8.699999809,5.0
2013-05-03 14:50:00+00:00,2868187,47.34899902,-124.7080002,9.100000381,1028.400024,2.0,1.399999976,10.0,8.800000191,2.0
2013-05-03 15:50:00+00:00,2868187,47.34899902,-124.7080002,8.5,1028.599976,5.0,1.399999976,10.0,8.899999619,4.0
2013-05-03 16:50:00+00:00,2868187,47.34899902,-124.7080002,8.699999809,1028.5,3.0,1.399999976,11.0,8.899999619,2.0
2013-05-03 17:50:00+00:00,2868187,47.34899902,-124.7080002,9.0,1028.099976,3.0,1.299999952,10.0,9.300000191,3.0
2013-05-03 18:50:00+00:00,2868187,47.34899902,-124.7080002,8.800000191,1028.5,5.0,1.399999976,10.0,9.5,4.0
2013-05-03 19:50:00+00:00,2868187,47.34899902,-124.7080002,9.199999809,1028.0,5.0,1.299999952,9.0,9.600000381,4.0
2013-05-03 20:50:00+00:00,2868187,47.34899902,-124.7080002,9.300000191,1027.5,7.0,1.299999952,9.0,9.600000381,6.0
2013-05-03 21:50:00+00:00,2868187,47.34899902,-124.7080002,8.699999809,1027.400024,9.0,1.399999976,9.0,9.5,7.0
2013-05-03 22:50:00+00:00,2868187,47.34899902,-124.7080002,8.899999619,1026.900024,7.0,1.399999976,7.0,9.5,6.0
2013-05-03 23:50:00+00:00,2868187,47.34899902,-124.7080002,10.0,1025.5,7.0,1.399999976,9.0,9.399999619,6.0
2013-05-04 00:50:00+00:00,2868187,47.34899902,-124.7080002,10.39999962,1025.099976,7.0,1.5,8.0,9.5,6.0
2013-05-04 01:50:00+00:00,2868187,47.34899902,-124.7080002,10.39999962,1024.0,10.0,1.399999976,7.0,9.300000191,9.0
2013-05-04 02:50:00+00:00,2868187,47.34899902,-124.7080002,10.39999962,1023.5,10.0,1.5,9.0,9.300000191,9.0
2013-05-04 03:50:00+00:00,2868187,47.34899902,-124.7080002,10.19999981,1023.099976,9.0,1.600000024,7.0,9.199999809,8.0
2013-05-04 04:50:00+00:00,2868187,47.34899902,-124.7080002,10.30000019,1023.099976,11.0,1.600000024,8.0,9.199999809,10.0
2013-05-04 05:50:00+00:00,2868187,47.34899902,-124.7080002,10.0,1023.299988,10.0,1.700000048,7.0,9.100000381,8.0
2013-05-04 06:50:00+00:00,2868187,47.34899902,-124.7080002,9.899999619,1022.599976,10.0,1.600000024,7.0,9.0,9.0
2013-05-04 07:50:00+00:00,2868187,47.34899902,-124.7080002,9.899999619,1022.799988,7.0,1.5,7.0,8.899999619,6.0
2013-05-04 08:50:00+00:00,2868187,47.34899902,-124.7080002,9.5,1023.0,4.0,1.399999976,8.0,8.699999809,4.0
2013-05-04 09:50:00+00:00,2868187,47.34899902,-124.7080002,9.199999809,1022.099976,4.0,1.299999952,8.0,8.5,4.0
2013-05-04 10:50:00+00:00,2868187,47.34899902,-124.7080002,9.0,1021.900024,4.0,1.200000048,7.0,8.800000191,3.0
2013-05-04 11:50:00+00:00,2868187,47.34899902,-124.7080002,8.899999619,1021.799988,4.0,1.299999952,7.0,8.699999809,3.0
2013-05-04 12:50:00+00:00,2868187,47.34899902,-124.7080002,8.699999809,1021.5,2.0,1.299999952,7.0,8.600000381,1.0
2013-05-04 13:50:00+00:00,2868187,47.34899902,-124.7080002,9.100000381,1021.700012,3.0,1.200000048,8.0,8.600000381,2.0
2013-05-04 14:50:00+00:00,2868187,47.34899902,-124.7080002,9.5,1021.700012,3.0,1.299999952,8.0,8.699999809,2.0
2013-05-04 15:50:00+00:00,2868187,47.34899902,-124.7080002,9.399999619,1021.799988,2.0,1.399999976,7.0,8.800000191,2.0
2013-05-04 16:50:00+00:00,2868187,47.34899902,-124.7080002,9.600000381,1021.599976,3.0,1.5,8.0,9.300000191,3.0
2013-05-04 17:50:00+00:00,2868187,47.34899902,-124.7080002,10.30000019,1021.299988,4.0,1.5,8.0,9.699999809,2.0
2013-05-04 18:50:00+00:00,2868187,47.34899902,-124.7080002,11.19999981,1021.099976,3.0,1.5,8.0,10.39999962,3.0
2013-05-04 19:50:00+00:00,2868187,47.34899902,-124.7080002,12.19999981,1020.400024,5.0,1.5,8.0,11.0,4.0
2013-05-04 20:50:00+00:00,2868187,47.34899902,-124.7080002,12.0,1019.799988,6.0,1.399999976,8.0,10.60000038,6.0
2013-05-04 21:50:00+00:00,2868187,47.34899902,-124.7080002,12.19999981,1019.099976,7.0,1.200000048,8.0,10.10000038,6.0
2013-05-04 22:50:00+00:00,2868187,47.34899902,-124.7080002,12.89999962,1018.299988,6.0,1.200000048,8.0,10.30000019,6.0
2013-05-04 23:50:00+00:00,2868187,47.34899902,-124.7080002,13.10000038,1017.400024,6.0,1.100000024,8.0,10.19999981,5.0
2013-05-05 00:50:00+00:00,2868187,47.34899902,-124.7080002,12.39999962,1016.5,7.0,1.0,8.0,9.800000191,6.0
2013-05-05 01:50:00+00:00,2868187,47.34899902,-124.7080002,12.39999962,1015.799988,6.0,1.100000024,8.0,10.0,5.0
2013-05-05 02:50:00+00:00,2868187,47.34899902,-124.7080002,12.60000038,1015.200012,7.0,1.0,8.0,9.800000191,6.0
2013-05-05 03:50:00+00:00,2868187,47.34899902,-124.7080002,12.39999962,1014.700012,10.0,1.200000048,8.0,9.699999809,8.0
2013-05-05 04:50:00+00:00,2868187,47.34899902,-124.7080002,11.80000019,1014.900024,8.0,1.399999976,7.0,9.800000191,7.0
2013-05-05 05:50:00+00:00,2868187,47.34899902,-124.7080002,11.0,1014.700012,6.0,1.299999952,8.0,9.699999809,5.0
2013-05-05 06:50:00+00:00,2868187,47.34899902,-124.7080002,10.80000019,1014.5,5.0,1.299999952,8.0,9.5,5.0
2013-05-05 07:50:00+00:00,2868187,47.34899902,-124.7080002,11.30000019,1014.5,4.0,1.200000048,8.0,9.399999619,4.0
2013-05-05 08:50:00+00:00,2868187,47.34899902,-124.7080002,12.19999981,1014.299988,5.0,1.0,8.0,9.399999619,4.0
2013-05-05 09:50:00+00:00,2868187,47.34899902,-124.7080002,11.0,1014.0,3.0,1.100000024,7.0,9.300000191,2.0
2013-05-05 10:50:00+00:00,2868187,47.34899902,-124.7080002,11.60000038,1013.900024,3.0,1.0,7.0,9.300000191,2.0
2013-05-05 11:50:00+00:00,2868187,47.34899902,-124.7080002,12.39999962,1013.400024,3.0,0.899999976,7.0,9.100000381,2.0
2013-05-05 12:50:00+00:00,2868187,47.34899902,-124.7080002,11.30000019,1012.900024,3.0,0.800000012,6.0,9.100000381,2.0
2013-05-05 13:50:00+00:00,2868187,47.34899902,-124.7080002,11.89999962,1012.799988,1.0,0.800000012,8.0,9.0,1.0
2013-05-05 14:50:00+00:00,2868187,47.34899902,-124.7080002,12.0,1012.799988,2.0,0.699999988,14.0,9.100000381,1.0
2013-05-05 15:50:00+00:00,2868187,47.34899902,-124.7080002,10.30000019,1012.599976,2.0,0.800000012,13.0,9.199999809,1.0
2013-05-05 16:50:00+00:00,2868187,47.34899902,-124.7080002,11.80000019,1012.5,1.0,0.800000012,14.0,9.600000381,1.0
2013-05-05 17:50:00+00:00,2868187,47.34899902,-124.7080002,12.5,1012.400024,1.0,0.699999988,13.0,10.39999962,1.0
2013-05-05 18:50:00+00:00,2868187,47.34899902,-124.7080002,14.0,1012.099976,1.0,0.800000012,8.0,11.80000019,1.0
2013-05-05 19:50:00+00:00,2868187,47.34899902,-124.7080002,14.10000038,1011.5,3.0,1.0,14.0,12.0,2.0
2013-05-05 20:50:00+00:00,2868187,47.34899902,-124.7080002,14.30000019,1010.900024,3.0,0.899999976,7.0,12.0,3.0
2013-05-05 21:50:00+00:00,2868187,47.34899902,-124.7080002,14.69999981,1010.200012,5.0,0.800000012,7.0,12.0,4.0
2013-05-05 22:50:00+00:00,2868187,47.34899902,-124.7080002,14.39999962,1009.599976,5.0,0.800000012,13.0,11.89999962,4.0
2013-05-05 23:50:00+00:00,2868187,47.34899902,-124.7080002,14.30000019,1008.799988,6.0,0.800000012,7.0,11.69999981,5.0
2013-05-06 00:50:00+00:00,2868187,47.34899902,-124.7080002,13.30000019,1008.099976,5.0,0.800000012,7.0,11.0,4.0
2013-05-06 01:50:00+00:00,2868187,47.34899902,-124.7080002,13.39999962,1008.200012,3.0,0.800000012,13.0,11.10000038,2.0
2013-05-06 02:50:00+00:00,2868187,47.34899902,-124.7080002,12.39999962,1007.799988,5.0,0.800000012,7.0,11.30000019,4.0
2013-05-06 03:50:00+00:00,2868187,47.34899902,-124.7080002,12.69999981,1007.700012,4.0,0.699999988,13.0,11.10000038,4.0
2013-05-06 04:50:00+00:00,2868187,47.34899902,-124.7080002,12.60000038,1007.900024,5.0,0.699999988,13.0,10.89999962,4.0
2013-05-06 05:50:00+00:00,2868187,47.34899902,-124.7080002,11.80000019,1008.299988,3.0,0.800000012,6.0,10.60000038,3.0
2013-05-06 06:50:00+00:00,2868187,47.34899902,-124.7080002,11.60000038,1008.400024,3.0,0.800000012,6.0,10.69999981,2.0
2013-05-06 07:50:00+00:00,2868187,47.34899902,-124.7080002,14.10000038,1008.700012,3.0,0.899999976,6.0,10.89999962,3.0
2013-05-06 08:50:00+00:00,2868187,47.34899902,-124.7080002,12.60000038,1009.299988,3.0,0.899999976,12.0,10.69999981,2.0
2013-05-06 09:50:00+00:00,2868187,47.34899902,-124.7080002,12.0,1009.5,4.0,0.899999976,7.0,10.69999981,3.0
2013-05-06 10:50:00+00:00,2868187,47.34899902,-124.7080002,8.899999619,1009.700012,8.0,1.0,7.0,10.69999981,6.0
2013-05-06 11:50:00+00:00,2868187,47.34899902,-124.7080002,8.600000381,1010.200012,7.0,1.0,7.0,10.69999981,6.0
2013-05-06 12:50:00+00:00,2868187,47.34899902,-124.7080002,8.600000381,1010.099976,7.0,1.0,7.0,10.39999962,6.0
2013-05-06 13:50:00+00:00,2868187,47.34899902,-124.7080002,8.800000191,1010.5,8.0,0.899999976,12.0,10.19999981,6.0
2013-05-06 14:50:00+00:00,2868187,47.34899902,-124.7080002,8.600000381,1010.900024,9.0,1.0,11.0,10.10000038,8.0
2013-05-06 15:50:00+00:00,2868187,47.34899902,-124.7080002,8.699999809,1011.299988,8.0,1.0,11.0,10.10000038,7.0
2013-05-06 16:50:00+00:00,2868187,47.34899902,-124.7080002,8.899999619,1011.599976,8.0,1.100000024,10.0,10.0,6.0
2013-05-06 17:50:00+00:00,2868187,47.34899902,-124.7080002,9.100000381,1011.900024,7.0,1.200000048,10.0,10.0,6.0
2013-05-06 18:50:00+00:00,2868187,47.34899902,-124.7080002,9.300000191,1012.200012,6.0,1.200000048,6.0,9.899999619,5.0
2013-05-06 19:50:00+00:00,2868187,47.34899902,-124.7080002,9.699999809,1012.099976,7.0,1.299999952,7.0,9.899999619,6.0
2013-05-06 20:50:00+00:00,2868187,47.34899902,-124.7080002,9.899999619,1012.400024,4.0,1.299999952,10.0,9.899999619,4.0
2013-05-06 21:50:00+00:00,2868187,47.34899902,-124.7080002,10.0,1012.400024,5.0,1.200000048,10.0,10.10000038,4.0
2013-05-06 22:50:00+00:00,2868187,47.34899902,-124.7080002,10.30000019,1012.099976,4.0,1.200000048,7.0,10.19999981,3.0
2013-05-06 23:50:00+00:00,2868187,47.34899902,-124.7080002,10.39999962,1011.900024,4.0,1.200000048,8.0,10.39999962,2.0
2013-05-07 00:50:00+00:00,2868187,47.34899902,-124.7080002,10.19999981,1011.700012,3.0,1.200000048,7.0,10.39999962,3.0
2013-05-07 01:50:00+00:00,2868187,47.34899902,-124.7080002,10.0,1011.299988,3.0,1.200000048,10.0,10.30000019,2.0
2013-05-07 02:50:00+00:00,2868187,47.34899902,-124.7080002,9.899999619,1011.0,3.0,1.200000048,6.0,10.39999962,2.0
2013-05-07 03:50:00+00:00,2868187,47.34899902,-124.7080002,9.699999809,1011.200012,3.0,1.200000048,6.0,10.39999962,1.0
2013-05-07 04:50:00+00:00,2868187,47.34899902,-124.7080002,9.399999619,1011.400024,2.0,1.100000024,6.0,10.39999962,1.0
2013-05-07 05:50:00+00:00,2868187,47.34899902,-124.7080002,9.300000191,1011.700012,3.0,1.100000024,6.0,10.39999962,2.0
2013-05-07 06:50:00+00:00,2868187,47.34899902,-124.7080002,9.199999809,1012.0,4.0,1.200000048,9.0,10.5,3.0
2013-05-07 07:50:00+00:00,2868187,47.34899902,-124.7080002,9.300000191,1012.299988,6.0,1.100000024,8.0,10.5,5.0
2013-05-07 08:50:00+00:00,2868187,47.34899902,-124.7080002,9.300000191,1013.0,6.0,1.200000048,10.0,10.39999962,5.0
2013-05-07 09:50:00+00:00,2868187,47.34899902,-124.7080002,9.600000381,1013.099976,6.0,1.399999976,7.0,10.39999962,5.0
2013-05-07 10:50:00+00:00,2868187,47.34899902,-124.7080002,9.800000191,1013.400024,6.0,1.399999976,8.0,10.19999981,4.0
2013-05-07 11:50:00+00:00,2868187,47.34899902,-124.7080002,9.899999619,1013.799988,5.0,1.600000024,8.0,10.10000038,4.0
2013-05-07 12:50:00+00:00,2868187,47.34899902,-124.7080002,10.19999981,1013.700012,5.0,1.600000024,8.0,10.10000038,4.0
2013-05-07 13:50:00+00:00,2868187,47.34899902,-124.7080002,10.19999981,1014.0,5.0,1.600000024,9.0,10.19999981,4.0
2013-05-07 14:50:00+00:00,2868187,47.34899902,-124.7080002,10.39999962,1014.200012,5.0,1.600000024,8.0,10.19999981,4.0
2013-05-07 15:50:00+00:00,2868187,47.34899902,-124.7080002,10.39999962,1014.599976,5.0,1.600000024,9.0,10.30000019,4.0
2013-05-07 16:50:00+00:00,2868187,47.34899902,-124.7080002,10.30000019,1014.700012,5.0,1.5,8.0,10.39999962,4.0
2013-05-07 17:50:00+00:00,2868187,47.34899902,-124.7080002,10.30000019,1015.0,6.0,1.5,8.0,10.39999962,5.0
2013-05-07 18:50:00+00:00,2868187,47.34899902,-124.7080002,10.5,1015.400024,6.0,1.5,9.0,10.39999962,5.0
2013-05-07 19:50:00+00:00,2868187,47.34899902,-124.7080002,10.5,1015.599976,5.0,1.5,9.0,10.5,5.0
2013-05-07 20:50:00+00:00,2868187,47.34899902,-124.7080002,10.60000038,1015.799988,6.0,1.5,9.0,10.60000038,5.0
2013-05-07 21:50:00+00:00,2868187,47.34899902,-124.7080002,10.69999981,1016.099976,5.0,1.399999976,9.0,10.69999981,4.0
2013-05-07 22:50:00+00:00,2868187,47.34899902,-124.7080002,10.69999981,1016.099976,5.0,1.5,8.0,10.69999981,4.0
2013-05-07 23:50:00+00:00,2868187,47.34899902,-124.7080002,10.69999981,1016.0,5.0,1.5,9.0,10.80000019,4.0
2013-05-08 00:50:00+00:00,2868187,47.34899902,-124.7080002,10.69999981,1016.0,5.0,1.600000024,9.0,10.69999981,4.0
2013-05-08 01:50:00+00:00,2868187,47.34899902,-124.7080002,10.69999981,1015.700012,4.0,1.600000024,8.0,10.60000038,3.0
2013-05-08 02:50:00+00:00,2868187,47.34899902,-124.7080002,10.69999981,1015.5,4.0,1.399999976,8.0,10.60000038,3.0
2013-05-08 03:50:00+00:00,2868187,47.34899902,-124.7080002,11.0,1015.5,5.0,1.399999976,9.0,10.80000019,4.0
2013-05-08 04:50:00+00:00,2868187,47.34899902,-124.7080002,11.0,1016.099976,5.0,1.200000048,8.0,10.80000019,3.0
2013-05-08 05:50:00+00:00,2868187,47.34899902,-124.7080002,10.89999962,1016.700012,4.0,1.200000048,8.0,10.69999981,3.0
2013-05-08 06:50:00+00:00,2868187,47.34899902,-124.7080002,10.89999962,1017.0,4.0,1.200000048,8.0,10.69999981,3.0
2013-05-08 07:50:00+00:00,2868187,47.34899902,-124.7080002,10.80000019,1017.5,4.0,1.200000048,8.0,10.69999981,3.0
2013-05-08 08:50:00+00:00,2868187,47.34899902,-124.7080002,10.69999981,1017.599976,5.0,1.200000048,9.0,10.69999981,4.0
2013-05-08 09:50:00+00:00,2868187,47.34899902,-124.7080002,10.5,1018.0,5.0,1.200000048,8.0,10.5,3.0
2013-05-08 10:50:00+00:00,2868187,47.34899902,-124.7080002,10.5,1018.200012,5.0,1.200000048,10.0,10.30000019,3.0
2013-05-08 11:50:00+00:00,2868187,47.34899902,-124.7080002,10.30000019,1018.5,4.0,1.299999952,8.0,10.30000019,3.0
2013-05-08 12:50:00+00:00,2868187,47.34899902,-124.7080002,10.39999962,1018.599976,4.0,1.200000048,8.0,10.39999962,3.0
2013-05-08 13:50:00+00:00,2868187,47.34899902,-124.7080002,10.60000038,1019.200012,3.0,1.200000048,9.0,10.30000019,2.0
2013-05-08 14:50:00+00:00,2868187,47.34899902,-124.7080002,10.39999962,1019.599976,3.0,1.200000048,9.0,10.39999962,2.0
2013-05-08 15:50:00+00:00,2868187,47.34899902,-124.7080002,10.5,1019.799988,2.0,1.100000024,9.0,10.39999962,2.0
2013-05-08 16:50:00+00:00,2868187,47.34899902,-124.7080002,10.60000038,1020.299988,2.0,1.200000048,9.0,10.5,1.0
2013-05-08 17:50:00+00:00,2868187,47.34899902,-124.7080002,10.69999981,1020.599976,2.0,1.100000024,9.0,10.69999981,1.0
2013-05-08 18:50:00+00:00,2868187,47.34899902,-124.7080002,10.89999962,1021.0,2.0,1.200000048,9.0,11.0,1.0
2013-05-08 19:50:00+00:00,2868187,47.34899902,-124.7080002,11.19999981,1021.099976,2.0,1.0,8.0,11.30000019,1.0
2013-05-08 20:50:00+00:00,2868187,47.34899902,-124.7080002,11.39999962,1021.5,1.0,1.0,8.0,11.5,1.0
2013-05-08 21:50:00+00:00,2868187,47.34899902,-124.7080002,11.39999962,1021.700012,3.0,1.100000024,9.0,11.60000038,2.0
2013-05-08 22:50:00+00:00,2868187,47.34899902,-124.7080002,11.30000019,1021.599976,2.0,1.0,8.0,11.39999962,2.0
2013-05-08 23:50:00+00:00,2868187,47.34899902,-124.7080002,11.19999981,1021.299988,2.0,1.0,8.0,11.5,2.0
2013-05-09 00:50:00+00:00,2868187,47.34899902,-124.7080002,10.80000019,1021.200012,4.0,1.0,8.0,11.30000019,3.0
2013-05-09 01:50:00+00:00,2868187,47.34899902,-124.7080002,10.69999981,1021.200012,5.0,1.0,8.0,11.30000019,4.0
2013-05-09 02:50:00+00:00,2868187,47.34899902,-124.7080002,10.5,1021.0,6.0,1.0,8.0,11.10000038,5.0
2013-05-09 03:50:00+00:00,2868187,47.34899902,-124.7080002,10.30000019,1021.0,5.0,0.899999976,8.0,10.89999962,4.0
2013-05-09 04:50:00+00:00,2868187,47.34899902,-124.7080002,10.10000038,1021.700012,5.0,0.899999976,8.0,10.89999962,3.0
2013-05-09 05:50:00+00:00,2868187,47.34899902,-124.7080002,10.0,1022.0,5.0,0.899999976,8.0,10.80000019,3.0
2013-05-09 06:50:00+00:00,2868187,47.34899902,-124.7080002,9.800000191,1022.299988,3.0,0.899999976,8.0,10.80000019,2.0
2013-05-09 07:50:00+00:00,2868187,47.34899902,-124.7080002,9.600000381,1022.599976,4.0,0.800000012,8.0,10.69999981,3.0
2013-05-09 08:50:00+00:00,2868187,47.34899902,-124.7080002,9.600000381,1022.799988,4.0,0.800000012,8.0,10.80000019,3.0
2013-05-09 09:50:00+00:00,2868187,47.34899902,-124.7080002,9.800000191,1023.0,5.0,0.800000012,8.0,10.80000019,4.0
2013-05-09 10:50:00+00:00,2868187,47.34899902,-124.7080002,9.800000191,1023.099976,4.0,0.699999988,8.0,11.0,3.0
2013-05-09 11:50:00+00:00,2868187,47.34899902,-124.7080002,9.699999809,1023.099976,5.0,0.699999988,8.0,10.80000019,4.0
2013-05-09 12:50:00+00:00,2868187,47.34899902,-124.7080002,9.699999809,1023.299988,5.0,0.699999988,8.0,10.80000019,4.0
2013-05-09 13:50:00+00:00,2868187,47.34899902,-124.7080002,9.5,1023.700012,4.0,0.800000012,8.0,10.80000019,2.0
2013-05-09 14:50:00+00:00,2868187,47.34899902,-124.7080002,9.5,1023.900024,4.0,0.800000012,8.0,10.80000019,3.0
2013-05-09 15:50:00+00:00,2868187,47.34899902,-124.7080002,9.699999809,1023.799988,4.0,0.699999988,8.0,10.80000019,3.0
2013-05-09 16:50:00+00:00,2868187,47.34899902,-124.7080002,9.800000191,1023.799988,5.0,0.699999988,8.0,10.89999962,3.0
2013-05-09 17:50:00+00:00,2868187,47.34899902,-124.7080002,10.0,1023.799988,5.0,0.699999988,8.0,11.0,4.0
2013-05-09 18:50:00+00:00,2868187,47.34899902,-124.7080002,10.19999981,1024.099976,5.0,0.600000024,8.0,11.0,4.0
2013-05-09 19:50:00+00:00,2868187,47.34899902,-124.7080002,10.19999981,1023.900024,5.0,0.600000024,8.0,11.30000019,4.0
2013-05-09 20:50:00+00:00,2868187,47.34899902,-124.7080002,10.30000019,1024.0,5.0,0.600000024,8.0,11.39999962,4.0
2013-05-09 21:50:00+00:00,2868187,47.34899902,-124.7080002,10.19999981,1023.599976,6.0,0.600000024,7.0,11.39999962,5.0
2013-05-09 22:50:00+00:00,2868187,47.34899902,-124.7080002,10.5,1023.200012,7.0,0.600000024,8.0,11.39999962,6.0
2013-05-09 23:50:00+00:00,2868187,47.34899902,-124.7080002,10.30000019,1022.799988,7.0,0.699999988,11.0,11.39999962,6.0
2013-05-10 00:50:00+00:00,2868187,47.34899902,-124.7080002,10.39999962,1022.5,8.0,0.699999988,7.0,11.30000019,7.0
2013-05-10 01:50:00+00:00,2868187,47.34899902,-124.7080002,10.39999962,1022.099976,9.0,0.699999988,16.0,11.19999981,8.0
2013-05-10 02:50:00+00:00,2868187,47.34899902,-124.7080002,10.39999962,1021.900024,10.0,0.800000012,3.0,11.10000038,8.0
2013-05-10 03:50:00+00:00,2868187,47.34899902,-124.7080002,10.19999981,1021.599976,9.0,0.800000012,4.0,11.0,7.0
2013-05-10 04:50:00+00:00,2868187,47.34899902,-124.7080002,10.19999981,1022.0,8.0,0.899999976,4.0,10.89999962,7.0
2013-05-10 05:50:00+00:00,2868187,47.34899902,-124.7080002,10.0,1022.0,8.0,0.899999976,4.0,10.69999981,7.0
2013-05-10 06:50:00+00:00,2868187,47.34899902,-124.7080002,9.800000191,1022.200012,8.0,0.800000012,4.0,10.69999981,7.0
2013-05-10 07:50:00+00:00,2868187,47.34899902,-124.7080002,9.600000381,1023.0,9.0,0.800000012,3.0,10.60000038,7.0
2013-05-10 08:50:00+00:00,2868187,47.34899902,-124.7080002,9.399999619,1022.700012,8.0,0.699999988,3.0,10.60000038,7.0
2013-05-10 09:50:00+00:00,2868187,47.34899902,-124.7080002,9.100000381,1022.400024,8.0,0.800000012,16.0,10.5,6.0
2013-05-10 10:50:00+00:00,2868187,47.34899902,-124.7080002,8.800000191,1022.5,7.0,0.699999988,4.0,10.39999962,6.0
2013-05-10 11:50:00+00:00,2868187,47.34899902,-124.7080002,8.800000191,1022.400024,6.0,0.699999988,13.0,10.19999981,5.0
2013-05-10 12:50:00+00:00,2868187,47.34899902,-124.7080002,8.5,1022.299988,6.0,0.699999988,16.0,10.0,5.0
2013-05-10 13:50:00+00:00,2868187,47.34899902,-124.7080002,8.199999809,1023.0,5.0,0.699999988,16.0,10.0,3.0
2013-05-10 14:50:00+00:00,2868187,47.34899902,-124.7080002,8.199999809,1023.299988,4.0,0.699999988,5.0,9.899999619,3.0
2013-05-10 15:50:00+00:00,2868187,47.34899902,-124.7080002,8.199999809,1023.599976,4.0,0.600000024,16.0,9.899999619,3.0
2013-05-10 16:50:00+00:00,2868187,47.34899902,-124.7080002,8.600000381,1023.700012,4.0,0.699999988,16.0,10.0,3.0
2013-05-10 17:50:00+00:00,2868187,47.34899902,-124.7080002,8.699999809,1024.0,4.0,0.699999988,16.0,10.19999981,3.0
2013-05-10 18:50:00+00:00,2868187,47.34899902,-124.7080002,8.699999809,1023.900024,3.0,0.600000024,16.0,10.30000019,2.0
2013-05-10 19:50:00+00:00,2868187,47.34899902,-124.7080002,8.899999619,1023.599976,3.0,0.600000024,16.0,10.69999981,1.0
2013-05-10 20:50:00+00:00,2868187,47.34899902,-124.7080002,9.399999619,1023.299988,3.0,0.600000024,14.0,11.30000019,2.0
2013-05-10 21:50:00+00:00,2868187,47.34899902,-124.7080002,9.399999619,1023.299988,4.0,0.5,16.0,11.69999981,3.0
2013-05-10 22:50:00+00:00,2868187,47.34899902,-124.7080002,9.699999809,1023.0,3.0,0.5,16.0,11.60000038,2.0
2013-05-10 23:50:00+00:00,2868187,47.34899902,-124.7080002,9.600000381,1022.299988,3.0,0.5,16.0,11.39999962,2.0
2013-05-11 00:50:00+00:00,2868187,47.34899902,-124.7080002,9.699999809,1022.700012,3.0,0.5,14.0,11.5,3.0
2013-05-11 01:50:00+00:00,2868187,47.34899902,-124.7080002,9.800000191,1021.900024,2.0,0.400000006,15.0,11.39999962,1.0
2013-05-11 02:50:00+00:00,2868187,47.34899902,-124.7080002,9.800000191,1022.299988,3.0,0.5,16.0,11.19999981,2.0
2013-05-11 03:50:00+00:00,2868187,47.34899902,-124.7080002,9.699999809,1022.099976,0.0,0.5,16.0,11.10000038,0.0
2013-05-11 04:50:00+00:00,2868187,47.34899902,-124.7080002,9.899999619,1022.400024,2.0,0.5,15.0,11.0,2.0
2013-05-11 05:50:00+00:00,2868187,47.34899902,-124.7080002,10.10000038,1022.099976,4.0,0.5,16.0,10.89999962,4.0
2013-05-11 06:50:00+00:00,2868187,47.34899902,-124.7080002,10.30000019,1022.5,5.0,0.5,14.0,10.69999981,4.0
2013-05-11 07:50:00+00:00,2868187,47.34899902,-124.7080002,10.39999962,1023.299988,7.0,0.5,13.0,10.69999981,5.0
2013-05-11 08:50:00+00:00,2868187,47.34899902,-124.7080002,10.5,1022.799988,4.0,0.5,15.0,10.80000019,4.0
2013-05-11 09:50:00+00:00,2868187,47.34899902,-124.7080002,10.69999981,1022.400024,5.0,0.5,16.0,10.89999962,4.0
2013-05-11 10:50:00+00:00,2868187,47.34899902,-124.7080002,10.69999981,1021.599976,6.0,0.5,12.0,10.80000019,4.0
2013-05-11 11:50:00+00:00,2868187,47.34899902,-124.7080002,10.89999962,1021.5,6.0,0.600000024,15.0,10.89999962,5.0
2013-05-11 12:50:00+00:00,2868187,47.34899902,-124.7080002,10.80000019,1021.400024,6.0,0.600000024,11.0,11.10000038,6.0
2013-05-11 13:50:00+00:00,2868187,47.34899902,-124.7080002,10.80000019,1021.400024,6.0,0.699999988,11.0,11.0,5.0
2013-05-11 14:50:00+00:00,2868187,47.34899902,-124.7080002,10.89999962,1020.599976,6.0,0.699999988,11.0,11.0,5.0
2013-05-11 15:50:00+00:00,2868187,47.34899902,-124.7080002,10.89999962,1020.400024,7.0,0.699999988,15.0,11.0,6.0
2013-05-11 16:50:00+00:00,2868187,47.34899902,-124.7080002,11.0,1020.400024,8.0,0.699999988,10.0,11.0,7.0
2013-05-11 17:50:00+00:00,2868187,47.34899902,-124.7080002,11.0,1019.799988,8.0,0.800000012,10.0,11.10000038,6.0
2013-05-11 18:50:00+00:00,2868187,47.34899902,-124.7080002,11.19999981,1019.799988,7.0,0.800000012,10.0,11.30000019,6.0
2013-05-11 19:50:00+00:00,2868187,47.34899902,-124.7080002,11.19999981,1019.799988,7.0,1.0,10.0,11.39999962,6.0
2013-05-11 20:50:00+00:00,2868187,47.34899902,-124.7080002,11.30000019,1019.799988,6.0,1.200000048,10.0,11.5,5.0
2013-05-11 21:50:00+00:00,2868187,47.34899902,-124.7080002,11.30000019,1019.200012,6.0,1.399999976,9.0,11.39999962,5.0
2013-05-11 22:50:00+00:00,2868187,47.34899902,-124.7080002,11.60000038,1018.400024,6.0,1.5,9.0,11.5,5.0
2013-05-11 23:50:00+00:00,2868187,47.34899902,-124.7080002,11.60000038,1018.099976,5.0,1.5,8.0,11.5,4.0
2013-05-12 00:50:00+00:00,2868187,47.34899902,-124.7080002,11.69999981,1018.400024,6.0,1.700000048,8.0,11.39999962,5.0
2013-05-12 01:50:00+00:00,2868187,47.34899902,-124.7080002,11.60000038,1017.900024,5.0,1.5,9.0,11.30000019,4.0
2013-05-12 02:50:00+00:00,2868187,47.34899902,-124.7080002,11.5,1017.200012,5.0,1.600000024,8.0,11.30000019,4.0
2013-05-12 03:50:00+00:00,2868187,47.34899902,-124.7080002,11.5,1017.599976,6.0,1.5,8.0,11.30000019,4.0
2013-05-12 04:50:00+00:00,2868187,47.34899902,-124.7080002,11.69999981,1016.599976,8.0,1.600000024,7.0,11.30000019,7.0
2013-05-12 05:50:00+00:00,2868187,47.34899902,-124.7080002,11.80000019,1016.900024,8.0,1.5,8.0,11.30000019,6.0
2013-05-12 06:50:00+00:00,2868187,47.34899902,-124.7080002,11.69999981,1017.299988,7.0,1.399999976,9.0,11.30000019,6.0
2013-05-12 07:50:00+00:00,2868187,47.34899902,-124.7080002,11.89999962,1017.099976,9.0,1.399999976,7.0,11.30000019,8.0
2013-05-12 08:50:00+00:00,2868187,47.34899902,-124.7080002,11.89999962,1016.5,8.0,1.5,7.0,11.30000019,7.0
2013-05-12 09:50:00+00:00,2868187,47.34899902,-124.7080002,11.89999962,1016.700012,8.0,1.399999976,9.0,11.30000019,7.0
2013-05-12 10:50:00+00:00,2868187,47.34899902,-124.7080002,12.0,1017.599976,6.0,1.399999976,8.0,11.30000019,5.0
2013-05-12 11:50:00+00:00,2868187,47.34899902,-124.7080002,12.19999981,1017.400024,6.0,1.399999976,8.0,11.30000019,5.0
2013-05-12 12:50:00+00:00,2868187,47.34899902,-124.7080002,11.89999962,1017.400024,6.0,1.399999976,7.0,11.19999981,5.0
2013-05-12 13:50:00+00:00,2868187,47.34899902,-124.7080002,11.80000019,1017.400024,7.0,1.399999976,8.0,11.10000038,6.0
2013-05-12 14:50:00+00:00,2868187,47.34899902,-124.7080002,11.80000019,1017.599976,7.0,1.5,9.0,11.10000038,6.0
2013-05-12 15:50:00+00:00,2868187,47.34899902,-124.7080002,11.69999981,1018.0,8.0,1.5,8.0,11.0,7.0
2013-05-12 16:50:00+00:00,2868187,47.34899902,-124.7080002,11.60000038,1018.099976,8.0,1.5,8.0,10.89999962,6.0
2013-05-12 17:50:00+00:00,2868187,47.34899902,-124.7080002,11.60000038,1018.299988,7.0,1.600000024,9.0,10.80000019,6.0
2013-05-12 18:50:00+00:00,2868187,47.34899902,-124.7080002,11.60000038,1018.799988,7.0,1.5,9.0,10.89999962,6.0
2013-05-12 19:50:00+00:00,2868187,47.34899902,-124.7080002,11.60000038,1018.700012,7.0,1.600000024,9.0,10.80000019,6.0
2013-05-12 20:50:00+00:00,2868187,47.34899902,-124.7080002,11.5,1018.700012,6.0,1.600000024,8.0,10.80000019,5.0
2013-05-12 21:50:00+00:00,2868187,47.34899902,-124.7080002,11.5,1018.700012,6.0,1.600000024,9.0,10.80000019,5.0
2013-05-12 22:50:00+00:00,2868187,47.34899902,-124.7080002,11.39999962,1018.200012,5.0,1.600000024,9.0,10.80000019,4.0
2013-05-12 23:50:00+00:00,2868187,47.34899902,-124.7080002,11.30000019,1018.099976,6.0,1.799999952,8.0,10.80000019,5.0
2013-05-13 00:50:00+00:00,2868187,47.34899902,-124.7080002,11.39999962,1017.799988,6.0,1.600000024,8.0,10.80000019,4.0
2013-05-13 01:50:00+00:00,2868187,47.34899902,-124.7080002,11.30000019,1017.400024,4.0,1.700000048,9.0,10.80000019,4.0
2013-05-13 02:50:00+00:00,2868187,47.34899902,-124.7080002,11.30000019,1017.0,4.0,1.5,7.0,10.69999981,3.0
2013-05-13 03:50:00+00:00,2868187,47.34899902,-124.7080002,11.10000038,1017.299988,4.0,1.600000024,9.0,10.69999981,3.0
2013-05-13 04:50:00+00:00,2868187,47.34899902,-124.7080002,11.19999981,1017.5,4.0,1.299999952,9.0,10.80000019,3.0
2013-05-13 05:50:00+00:00,2868187,47.34899902,-124.7080002,11.10000038,1017.799988,4.0,1.299999952,8.0,10.80000019,3.0
2013-05-13 06:50:00+00:00,2868187,47.34899902,-124.7080002,11.10000038,1017.5,4.0,1.399999976,9.0,10.80000019,3.0
2013-05-13 07:50:00+00:00,2868187,47.34899902,-124.7080002,11.0,1017.299988,4.0,1.399999976,9.0,10.69999981,3.0
2013-05-13 08:50:00+00:00,2868187,47.34899902,-124.7080002,11.0,1017.099976,4.0,1.399999976,8.0,10.60000038,3.0
2013-05-13 09:50:00+00:00,2868187,47.34899902,-124.7080002,10.89999962,1016.799988,4.0,1.299999952,8.0,10.69999981,4.0
2013-05-13 10:50:00+00:00,2868187,47.34899902,-124.7080002,11.0,1016.299988,5.0,1.399999976,9.0,10.80000019,4.0
2013-05-13 11:50:00+00:00,2868187,47.34899902,-124.7080002,11.0,1016.0,4.0,1.399999976,8.0,10.80000019,4.0
2013-05-13 12:50:00+00:00,2868187,47.34899902,-124.7080002,11.10000038,1015.5,5.0,1.5,8.0,10.80000019,5.0
2013-05-13 13:50:00+00:00,2868187,47.34899902,-124.7080002,11.19999981,1015.400024,7.0,1.5,8.0,10.80000019,6.0
2013-05-13 14:50:00+00:00,2868187,47.34899902,-124.7080002,11.10000038,1015.099976,8.0,1.600000024,9.0,10.89999962,6.0
2013-05-13 15:50:00+00:00,2868187,47.34899902,-124.7080002,11.39999962,1014.799988,8.0,1.600000024,9.0,11.0,7.0
2013-05-13 16:50:00+00:00,2868187,47.34899902,-124.7080002,11.30000019,1014.5,9.0,1.700000048,11.0,11.0,7.0
2013-05-13 17:50:00+00:00,2868187,47.34899902,-124.7080002,11.19999981,1014.200012,10.0,1.899999976,8.0,11.0,8.0
2013-05-13 18:50:00+00:00,2868187,47.34899902,-124.7080002,11.80000019,1014.400024,11.0,1.899999976,11.0,11.10000038,9.0
2013-05-13 19:50:00+00:00,2868187,47.34899902,-124.7080002,11.80000019,1014.599976,12.0,2.0,11.0,11.19999981,9.0
2013-05-13 20:50:00+00:00,2868187,47.34899902,-124.7080002,11.5,1015.099976,12.0,2.200000048,10.0,11.19999981,10.0
2013-05-13 21:50:00+00:00,2868187,47.34899902,-124.7080002,10.80000019,1016.400024,12.0,2.299999952,6.0,11.10000038,10.0
2013-05-13 22:50:00+00:00,2868187,47.34899902,-124.7080002,10.89999962,1017.400024,11.0,2.200000048,6.0,11.10000038,10.0
2013-05-13 23:50:00+00:00,2868187,47.34899902,-124.7080002,11.19999981,1018.299988,13.0,2.299999952,10.0,11.10000038,11.0
2013-05-14 00:50:00+00:00,2868187,47.34899902,-124.7080002,11.0,1019.299988,10.0,2.099999905,7.0,11.10000038,8.0
2013-05-14 01:50:00+00:00,2868187,47.34899902,-124.7080002,11.10000038,1020.0,9.0,2.400000095,10.0,11.10000038,7.0
2013-05-14 02:50:00+00:00,2868187,47.34899902,-124.7080002,11.0,1020.900024,7.0,2.200000048,9.0,11.10000038,6.0
2013-05-14 03:50:00+00:00,2868187,47.34899902,-124.7080002,10.89999962,1021.5,7.0,2.200000048,8.0,11.10000038,6.0
2013-05-14 04:50:00+00:00,2868187,47.34899902,-124.7080002,10.89999962,1022.099976,7.0,2.299999952,7.0,11.0,6.0
2013-05-14 05:50:00+00:00,2868187,47.34899902,-124.7080002,10.89999962,1022.700012,5.0,2.099999905,9.0,10.89999962,4.0
2013-05-14 06:50:00+00:00,2868187,47.34899902,-124.7080002,10.80000019,1022.799988,5.0,2.200000048,8.0,10.80000019,4.0
2013-05-14 07:50:00+00:00,2868187,47.34899902,-124.7080002,10.69999981,1022.700012,4.0,2.200000048,7.0,10.69999981,3.0
2013-05-14 08:50:00+00:00,2868187,47.34899902,-124.7080002,10.69999981,1022.400024,4.0,2.0,8.0,10.69999981,3.0
2013-05-14 09:50:00+00:00,2868187,47.34899902,-124.7080002,10.60000038,1022.099976,3.0,2.0,9.0,10.69999981,2.0
2013-05-14 10:50:00+00:00,2868187,47.34899902,-124.7080002,10.60000038,1022.599976,4.0,2.0,7.0,10.69999981,3.0
2013-05-14 11:50:00+00:00,2868187,47.34899902,-124.7080002,10.60000038,1022.599976,3.0,2.099999905,10.0,10.69999981,2.0
2013-05-14 12:50:00+00:00,2868187,47.34899902,-124.7080002,10.60000038,1022.599976,2.0,2.099999905,8.0,10.80000019,2.0
2013-05-14 13:50:00+00:00,2868187,47.34899902,-124.7080002,10.60000038,1022.900024,3.0,2.0,8.0,10.80000019,2.0
2013-05-14 14:50:00+00:00,2868187,47.34899902,-124.7080002,10.60000038,1023.0,3.0,1.899999976,8.0,10.80000019,3.0
2013-05-14 15:50:00+00:00,2868187,47.34899902,-124.7080002,10.80000019,1023.099976,4.0,1.899999976,9.0,10.89999962,3.0
2013-05-14 16:50:00+00:00,2868187,47.34899902,-124.7080002,10.80000019,1023.299988,4.0,1.899999976,9.0,11.0,4.0
2013-05-14 17:50:00+00:00,2868187,47.34899902,-124.7080002,10.89999962,1023.400024,4.0,2.099999905,9.0,11.10000038,4.0
2013-05-14 18:50:00+00:00,2868187,47.34899902,-124.7080002,10.89999962,1023.400024,4.0,2.0,9.0,11.10000038,3.0
2013-05-14 19:50:00+00:00,2868187,47.34899902,-124.7080002,10.89999962,1023.200012,5.0,2.0,11.0,11.19999981,4.0
2013-05-14 20:50:00+00:00,2868187,47.34899902,-124.7080002,11.0,1022.700012,4.0,1.899999976,10.0,11.19999981,3.0
2013-05-14 21:50:00+00:00,2868187,47.34899902,-124.7080002,11.10000038,1022.200012,4.0,1.899999976,10.0,11.30000019,3.0
2013-05-14 22:50:00+00:00,2868187,47.34899902,-124.7080002,11.19999981,1021.900024,5.0,1.700000048,9.0,11.39999962,4.0
2013-05-14 23:50:00+00:00,2868187,47.34899902,-124.7080002,11.39999962,1021.5,5.0,1.799999952,10.0,11.39999962,4.0
2013-05-15 00:50:00+00:00,2868187,47.34899902,-124.7080002,11.30000019,1021.299988,5.0,1.700000048,10.0,11.19999981,4.0
2013-05-15 01:50:00+00:00,2868187,47.34899902,-124.7080002,11.19999981,1021.099976,4.0,1.799999952,10.0,11.19999981,4.0
2013-05-15 02:50:00+00:00,2868187,47.34899902,-124.7080002,11.19999981,1020.799988,3.0,1.700000048,10.0,11.10000038,3.0
2013-05-15 03:50:00+00:00,2868187,47.34899902,-124.7080002,11.19999981,1020.700012,3.0,1.899999976,10.0,11.0,3.0
2013-05-15 04:50:00+00:00,2868187,47.34899902,-124.7080002,11.10000038,1020.700012,2.0,1.799999952,10.0,10.89999962,2.0
2013-05-15 05:50:00+00:00,2868187,47.34899902,-124.7080002,11.19999981,1020.5,4.0,1.799999952,10.0,11.10000038,3.0
2013-05-15 06:50:00+00:00,2868187,47.34899902,-124.7080002,11.10000038,1020.099976,5.0,1.600000024,10.0,11.10000038,4.0
2013-05-15 07:50:00+00:00,2868187,47.34899902,-124.7080002,11.10000038,1019.700012,5.0,1.700000048,9.0,10.89999962,4.0
2013-05-15 08:50:00+00:00,2868187,47.34899902,-124.7080002,11.10000038,1019.299988,5.0,1.600000024,10.0,11.0,4.0
2013-05-15 09:50:00+00:00,2868187,47.34899902,-124.7080002,10.89999962,1019.0,4.0,1.600000024,8.0,10.89999962,4.0
2013-05-15 10:50:00+00:00,2868187,47.34899902,-124.7080002,10.89999962,1018.599976,5.0,1.399999976,10.0,11.0,4.0
2013-05-15 11:50:00+00:00,2868187,47.34899902,-124.7080002,10.89999962,1018.099976,6.0,1.5,9.0,11.10000038,5.0
2013-05-15 12:50:00+00:00,2868187,47.34899902,-124.7080002,10.89999962,1017.900024,5.0,1.399999976,10.0,11.10000038,4.0
2013-05-15 13:50:00+00:00,2868187,47.34899902,-124.7080002,11.0,1017.799988,6.0,1.5,10.0,11.10000038,5.0
2013-05-15 14:50:00+00:00,2868187,47.34899902,-124.7080002,10.89999962,1017.799988,6.0,1.5,10.0,11.10000038,5.0
2013-05-15 15:50:00+00:00,2868187,47.34899902,-124.7080002,10.89999962,1017.900024,7.0,1.5,10.0,11.10000038,6.0
2013-05-15 16:50:00+00:00,2868187,47.34899902,-124.7080002,10.80000019,1018.099976,6.0,1.5,9.0,11.19999981,5.0
2013-05-15 17:50:00+00:00,2868187,47.34899902,-124.7080002,10.30000019,1018.099976,8.0,1.5,10.0,11.10000038,7.0
2013-05-15 18:50:00+00:00,2868187,47.34899902,-124.7080002,10.39999962,1018.099976,9.0,1.5,9.0,11.10000038,7.0
2013-05-15 19:50:00+00:00,2868187,47.34899902,-124.7080002,10.19999981,1017.799988,9.0,1.5,9.0,11.0,8.0
2013-05-15 21:50:00+00:00,2868187,47.34899902,-124.7080002,10.19999981,1017.0,9.0,1.5,8.0,11.10000038,7.0
2013-05-15 22:50:00+00:00,2868187,47.34899902,-124.7080002,9.800000191,1016.700012,10.0,1.5,10.0,11.10000038,8.0
2013-05-15 23:50:00+00:00,2868187,47.34899902,-124.7080002,9.899999619,1016.299988,9.0,1.5,9.0,11.10000038,8.0
2013-05-16 00:50:00+00:00,2868187,47.34899902,-124.7080002,10.19999981,1015.700012,10.0,1.600000024,8.0,11.10000038,8.0
2013-05-16 01:50:00+00:00,2868187,47.34899902,-124.7080002,10.60000038,1015.200012,10.0,1.5,9.0,11.10000038,8.0
2013-05-16 02:50:00+00:00,2868187,47.34899902,-124.7080002,10.69999981,1014.799988,9.0,1.600000024,9.0,11.10000038,8.0
2013-05-16 03:50:00+00:00,2868187,47.34899902,-124.7080002,11.30000019,1014.700012,6.0,1.700000048,8.0,11.10000038,5.0
2013-05-16 04:50:00+00:00,2868187,47.34899902,-124.7080002,11.30000019,1015.200012,4.0,1.600000024,7.0,11.0,3.0
2013-05-16 05:50:00+00:00,2868187,47.34899902,-124.7080002,11.19999981,1015.200012,7.0,1.600000024,6.0,11.0,5.0
2013-05-16 06:50:00+00:00,2868187,47.34899902,-124.7080002,11.30000019,1015.0,6.0,1.600000024,7.0,11.0,5.0
2013-05-16 07:50:00+00:00,2868187,47.34899902,-124.7080002,11.39999962,1014.900024,6.0,1.600000024,9.0,11.0,4.0
2013-05-16 08:50:00+00:00,2868187,47.34899902,-124.7080002,11.10000038,1014.799988,7.0,1.600000024,9.0,11.0,6.0
2013-05-16 09:50:00+00:00,2868187,47.34899902,-124.7080002,11.0,1014.400024,6.0,1.399999976,8.0,11.0,5.0
2013-05-16 10:50:00+00:00,2868187,47.34899902,-124.7080002,11.0,1014.099976,6.0,1.600000024,6.0,11.0,5.0
2013-05-16 11:50:00+00:00,2868187,47.34899902,-124.7080002,11.0,1013.900024,5.0,1.5,9.0,11.0,5.0
2013-05-16 12:50:00+00:00,2868187,47.34899902,-124.7080002,11.10000038,1013.799988,4.0,1.5,9.0,11.0,4.0
2013-05-16 13:50:00+00:00,2868187,47.34899902,-124.7080002,11.10000038,1013.900024,5.0,1.399999976,9.0,11.0,4.0
2013-05-16 14:50:00+00:00,2868187,47.34899902,-124.7080002,11.10000038,1014.200012,3.0,1.299999952,9.0,11.10000038,2.0
2013-05-16 15:50:00+00:00,2868187,47.34899902,-124.7080002,11.10000038,1014.400024,3.0,1.700000048,8.0,11.10000038,2.0
2013-05-16 16:50:00+00:00,2868187,47.34899902,-124.7080002,11.39999962,1014.400024,3.0,1.600000024,8.0,11.10000038,2.0
2013-05-16 17:50:00+00:00,2868187,47.34899902,-124.7080002,12.0,1014.400024,2.0,1.5,8.0,11.39999962,1.0
2013-05-16 18:50:00+00:00,2868187,47.34899902,-124.7080002,12.39999962,1014.400024,1.0,1.600000024,8.0,12.19999981,1.0
2013-05-16 19:50:00+00:00,2868187,47.34899902,-124.7080002,12.80000019,1014.099976,2.0,1.5,10.0,13.19999981,2.0
2013-05-16 20:50:00+00:00,2868187,47.34899902,-124.7080002,13.19999981,1013.799988,3.0,1.600000024,9.0,13.60000038,2.0
2013-05-16 21:50:00+00:00,2868187,47.34899902,-124.7080002,13.0,1013.799988,3.0,1.5,9.0,13.39999962,2.0
2013-05-16 22:50:00+00:00,2868187,47.34899902,-124.7080002,12.80000019,1013.900024,4.0,1.700000048,11.0,13.39999962,3.0
2013-05-16 23:50:00+00:00,2868187,47.34899902,-124.7080002,12.89999962,1013.700012,4.0,1.5,11.0,13.19999981,2.0
2013-05-17 00:50:00+00:00,2868187,47.34899902,-124.7080002,13.0,1013.400024,4.0,1.5,11.0,13.10000038,3.0
2013-05-17 01:50:00+00:00,2868187,47.34899902,-124.7080002,12.39999962,1013.099976,6.0,1.5,11.0,12.80000019,5.0
2013-05-17 02:50:00+00:00,2868187,47.34899902,-124.7080002,11.80000019,1013.400024,5.0,1.700000048,11.0,12.19999981,4.0
2013-05-17 03:50:00+00:00,2868187,47.34899902,-124.7080002,11.60000038,1013.599976,7.0,1.700000048,11.0,11.89999962,6.0
2013-05-17 04:50:00+00:00,2868187,47.34899902,-124.7080002,11.39999962,1014.099976,8.0,1.700000048,11.0,11.69999981,7.0
2013-05-17 05:50:00+00:00,2868187,47.34899902,-124.7080002,11.5,1014.299988,7.0,1.700000048,11.0,11.60000038,6.0
2013-05-17 06:50:00+00:00,2868187,47.34899902,-124.7080002,11.39999962,1014.299988,8.0,1.5,11.0,11.60000038,6.0
2013-05-17 07:50:00+00:00,2868187,47.34899902,-124.7080002,11.39999962,1014.5,6.0,1.600000024,11.0,11.60000038,5.0
2013-05-17 08:50:00+00:00,2868187,47.34899902,-124.7080002,11.30000019,1014.099976,6.0,1.700000048,10.0,11.5,5.0
2013-05-17 09:50:00+00:00,2868187,47.34899902,-124.7080002,11.5,1013.900024,6.0,1.600000024,10.0,11.5,5.0
2013-05-17 10:50:00+00:00,2868187,47.34899902,-124.7080002,11.30000019,1013.900024,7.0,1.799999952,10.0,11.5,6.0
2013-05-17 11:50:00+00:00,2868187,47.34899902,-124.7080002,11.39999962,1013.900024,5.0,1.600000024,10.0,11.39999962,5.0
2013-05-17 12:50:00+00:00,2868187,47.34899902,-124.7080002,11.39999962,1013.799988,7.0,1.399999976,10.0,11.39999962,6.0
2013-05-17 13:50:00+00:00,2868187,47.34899902,-124.7080002,11.39999962,1013.799988,7.0,1.399999976,10.0,11.39999962,6.0
2013-05-17 14:50:00+00:00,2868187,47.34899902,-124.7080002,11.30000019,1014.099976,7.0,1.399999976,10.0,11.39999962,6.0
2013-05-17 15:50:00+00:00,2868187,47.34899902,-124.7080002,11.30000019,1014.200012,8.0,1.299999952,9.0,11.39999962,7.0
2013-05-17 16:50:00+00:00,2868187,47.34899902,-124.7080002,11.39999962,1014.400024,7.0,1.399999976,10.0,11.5,6.0
2013-05-17 17:50:00+00:00,2868187,47.34899902,-124.7080002,11.60000038,1014.799988,8.0,1.299999952,11.0,11.5,7.0
2013-05-17 18:50:00+00:00,2868187,47.34899902,-124.7080002,11.60000038,1015.200012,7.0,1.5,11.0,11.5,6.0
2013-05-17 19:50:00+00:00,2868187,47.34899902,-124.7080002,11.80000019,1015.599976,6.0,1.399999976,9.0,11.60000038,5.0
2013-05-17 20:50:00+00:00,2868187,47.34899902,-124.7080002,11.89999962,1015.900024,6.0,1.299999952,10.0,11.69999981,5.0
2013-05-17 21:50:00+00:00,2868187,47.34899902,-124.7080002,11.89999962,1016.299988,6.0,1.399999976,11.0,11.80000019,5.0
2013-05-17 22:50:00+00:00,2868187,47.34899902,-124.7080002,11.69999981,1016.299988,7.0,1.299999952,10.0,11.80000019,6.0
2013-05-17 23:50:00+00:00,2868187,47.34899902,-124.7080002,11.5,1016.5,7.0,1.399999976,10.0,11.80000019,5.0
2013-05-18 00:50:00+00:00,2868187,47.34899902,-124.7080002,11.69999981,1016.700012,4.0,1.399999976,9.0,11.80000019,3.0
2013-05-18 01:50:00+00:00,2868187,47.34899902,-124.7080002,11.69999981,1016.700012,5.0,1.399999976,9.0,11.80000019,4.0
2013-05-18 02:50:00+00:00,2868187,47.34899902,-124.7080002,11.69999981,1016.700012,4.0,1.200000048,9.0,11.80000019,4.0
2013-05-18 03:50:00+00:00,2868187,47.34899902,-124.7080002,11.69999981,1017.299988,4.0,1.299999952,9.0,11.89999962,3.0
2013-05-18 04:50:00+00:00,2868187,47.34899902,-124.7080002,11.69999981,1017.5,4.0,1.299999952,9.0,12.10000038,3.0
2013-05-18 05:50:00+00:00,2868187,47.34899902,-124.7080002,11.80000019,1017.400024,6.0,1.100000024,9.0,11.89999962,5.0
2013-05-18 06:50:00+00:00,2868187,47.34899902,-124.7080002,11.5,1017.5,4.0,1.299999952,9.0,11.80000019,4.0
2013-05-18 07:50:00+00:00,2868187,47.34899902,-124.7080002,10.69999981,1017.799988,4.0,1.100000024,9.0,11.69999981,4.0
2013-05-18 08:50:00+00:00,2868187,47.34899902,-124.7080002,10.69999981,1017.799988,6.0,1.100000024,8.0,11.69999981,3.0
2013-05-18 09:50:00+00:00,2868187,47.34899902,-124.7080002,10.80000019,1017.799988,4.0,1.100000024,9.0,11.69999981,3.0
2013-05-18 10:50:00+00:00,2868187,47.34899902,-124.7080002,11.39999962,1017.700012,7.0,1.100000024,9.0,11.80000019,5.0
